<?xml version="1.0" encoding="UTF-8"?>
<!DOCTYPE properties SYSTEM "http://java.sun.com/dtd/properties.dtd">
<properties>
	<comment>AWS Application properties</comment>

	<!-- every day at 12:00 am 0 0 12 * * ? -->
	<entry key="com.directv.uds.lastaction.rerun.cron">0 0 0 * * *</entry>

	<!-- every minute for testing -->
	<!-- <entry key="com.directv.uds.lastaction.rerun.cron">0 0/1 * * * ?</entry> -->


	<!-- kerberos configs -->
	<entry key="java.security.krb5.realm">DS.DTVENG.NET</entry>
	<entry key="java.security.krb5.kdc">ds-dc-ga2msdc01.ds.dtveng.net:88</entry>
	<entry key="sun.security.krb5.debug">false</entry>
	<entry key="authenticator.class">com.directv.uds.utils.CustomKerberosAuthenticator</entry>

	<!-- Keytab details -->
	<entry key="com.directv.uds.kerberos.principal">svc.cloudrec.dv@DS.DTVENG.NET</entry>
	<entry key="com.directv.uds.kerberos.keytab">${APP_CONFIG}/uds/config/keytab/svc.cloudrec.dv.keytab</entry>

	<!-- hbase zookeeper details -->
	<entry key="hbase.zookeeper.quorum">hdpnn-h4-awsw01.ds.dtveng.net,hdpnn-h4-awsw03.ds.dtveng.net,hdpnn-h4-awsw02.ds.dtveng.net</entry>
	<entry key="hbase.zookeeper.property.clientPort">2181</entry>

	<!-- Oozie configuration -->
	<entry key="oozie.url">http://hdpgtwh3-awsw01.ds.dtveng.net:11000/oozie</entry>
	<entry key="oozie.libpath">hdfs://nn-h3/user/oozie/share/lib</entry>
	<entry key="oozie.use.system.libpath">true</entry>
	<entry key="queueName">default</entry>
	<entry key="jobTracker">hdpnn-h3-awsw02.ds.dtveng.net:8021</entry>
	<entry key="nameNode">hdfs://nn-h3</entry>
	<entry key="oozie.wf.lastactionpublish.path">hdfs://nn-h3/data/dv/recommendation/oozie-jobs/lastactionpublish/</entry>
	<entry key="oozie.wf.lastactiondailysync.path">hdfs://nn-h3/data/dv/recommendation/oozie-jobs/lastactiondailysync/</entry>
	<entry key="recommendationscommonsJar">recommendations-commons-0.1.13.jar</entry>
	<entry key="analyticsUDF">pig-analytics-udf-0.1.8.2.jar</entry>

	<!--Impala details -->
	<entry key="jdbcDriver">com.cloudera.impala.jdbc4.Driver</entry>
	<entry key="impala.url">jdbc:impala://hdpdn-h3-awsw01.ds.dtveng.net:21050/cloudrec;AuthMech=1;KrbRealm=DS.DTVENG.NET;KrbHostFQDN=hdpdn-h3-awsw01.ds.dtveng.net;KrbServiceName=impala</entry>

	<entry key="defaultUserNumbers">100</entry>
	<entry key="uvh.rangelength.default">7</entry>

	<entry key="longMaxAge">1039228928</entry>
	<entry key="shortMaxAge">10800000</entry>

	<!-- uvhImpala -->
	<entry key="7dayDataImpala">cloudrec.sevenDaysDataTwoLevel</entry>
	<entry key="7dayDataImpala.secondarypartition.applied">true</entry>
	<entry key="7dayDataImpala.secondarypartition.modulo">30</entry>
	<entry key="uvhImpalaTable">cloudrec.finalrawdata2</entry>


	<!-- account to encrypted mapping -->
	<entry key="accountIdToEncryptedIdHbaseTable">production_accountidtoencryptedidmapping</entry>
	<entry key="accountIdToEncryptedIdColumnFamily">m</entry>
	<entry key="accountIdToEncryptedIdColumnQualifier">encryptedId</entry>

	<!-- encrypted to account mapping -->
	<entry key="encryptedIdToAccountIdHbaseTable">production_encryptedidtoaccountidmapping</entry>
	<entry key="encryptedIdToAccountIdColumnFamily">m</entry>
	<entry key="encryptedIdToAccountIdColumnQualifier">accountId</entry>

	<!-- card to account mapping -->
	<entry key="cardIdToAccountIdHbaseTable">production_cardidtoaccountidmapping</entry>
	<entry key="cardIdToAccountIdColumnFamily">m</entry>
	<entry key="cardIdToAccountIdColumnQualifier">mapping</entry>
	
	<!-- -->
	<entry key="accountIdToRegionIdHBaseTable">production_AccountToDMA</entry>

	<entry key="accountIdToRegionIdColumnFamily">account</entry>
	<entry key="accountIdToRegionIdColumnQualifier">mapping</entry>

	<!-- -->
	<entry key="zipCodeToLocationHbaseTable">production_location</entry>
	<entry key="zipCodeToLocationColumnFamily">loc</entry>
	<entry key="zipCodeToLocationColumnQualifier">zipCode</entry>

	<!-- data tables -->
	<entry key="lastActionByRuleHbaseTable">production_lastaction</entry>
	<entry key="lastActionByRuleColumnFamily">la</entry>
	
	<entry key="lastActionGenericHbaseTable">production_lastaction_global</entry>
	<entry key="lastActionGenericColumnFamily">la</entry>
	
	<entry key="cbcfHbaseTable">production_cbcf</entry>
	<entry key="cbcfColumnFamily">cbcf</entry>
	
	<entry key="cbcfbydayHbaseTable">production_cbcf_by_day</entry>
	<entry key="cbcfbydayColumnFamily">cbcfbyday</entry>
	
	<entry key="wihHbaseTable">production_whatshot</entry>
	<entry key="wihColumnFamily">wih</entry>

	<!-- -->
	<entry key="recommendationsJobHistoryTable">production_recommendationsjobhistory</entry>
	<entry key="recommendationsJobHistoryColumnFamily">rjh</entry>

	<!-- -->
	<entry key="topActiveUserHiveTable">cloudrec.listactiveuser</entry>

	<!-- Rule file location -->
	<!-- <entry key="ruleFilePath">${APP_CONFIG}/uds/rules/rules.json</entry> -->
	<entry key="lastaction.ruleset.hdfs">/data/dv/recommendation/laruleset</entry>
	<entry key="lastaction.ruleset.lock.tablename">production_lookuptable</entry>
	<entry key="lastaction.ruleset.lock.key">laruleset</entry>
	<entry key="lastaction.ruleset.lock.familyname">cf</entry>
	<entry key="lastaction.ruleset.lock.qualifier">lock</entry>
	<entry key="lastaction.ruleset.lock.check_interval">200</entry>
	<entry key="lastaction.ruleset.lock.override_threshold">2000</entry>
	<entry key="lastaction.dailysync.overlap_guard.qualifier">lastsync</entry>
	<entry key="lastaction.dailysync.overlap_guard.minutes">60</entry>

	<!-- is AWS environment -->
	<entry key="isAWS">true</entry>

	<!-- Is timezone format correct in account data -->
	<entry key="com.directv.uds.valid.timezone.format">false</entry>
	
	<!-- Values defaul for credit -->
	<entry key="creditTimeWindow">Last6Months</entry>
	<entry key="creditDayOfWeek">Alldays</entry>
	<entry key="creditMainCategory">AllCategories</entry>
</properties>