<?xml version="1.0" encoding="UTF-8"?>

<!--Autogenerated by Cloudera CM on 2014-11-04T01:36:09.264Z-->
<configuration>
  <property>
    <name>fs.defaultFS</name>
    <value>hdfs://nn-h3</value>
  </property>
  <property>
    <name>fs.trash.interval</name>
    <value>1</value>
  </property>
  <property>
    <name>io.file.buffer.size</name>
    <value>65536</value>
  </property>
  <property>
    <name>io.compression.codecs</name>
    <value>org.apache.hadoop.io.compress.DefaultCodec,org.apache.hadoop.io.compress.GzipCodec,org.apache.hadoop.io.compress.BZip2Codec,org.apache.hadoop.io.compress.DeflateCodec,org.apache.hadoop.io.compress.SnappyCodec,org.apache.hadoop.io.compress.Lz4Codec</value>
  </property>
  <property>
    <name>hadoop.security.authentication</name>
    <value>kerberos</value>
  </property>
  <property>
    <name>hadoop.rpc.protection</name>
    <value>authentication</value>
  </property>
  <property>
    <name>hadoop.security.auth_to_local</name>
    <value>RULE:[1:$1@$0](.*@\QDS.DTVENG.NET\E$)s/@\QDS.DTVENG.NET\E$//
RULE:[2:$1@$0](.*@\QDS.DTVENG.NET\E$)s/@\QDS.DTVENG.NET\E$//
DEFAULT</value>
  </property>
  <property>
    <name>hadoop.proxyuser.oozie.hosts</name>
    <value>*</value>
  </property>
  <property>
    <name>hadoop.proxyuser.oozie.groups</name>
    <value>*</value>
  </property>
</configuration>
