<?xml version="1.0" encoding="UTF-8"?>

<!--Autogenerated by Cloudera CM on 2014-11-04T01:36:09.260Z-->
<configuration>
  <property>
    <name>dfs.nameservices</name>
    <value>nn-h3</value>
  </property>
  <property>
    <name>dfs.client.failover.proxy.provider.nn-h3</name>
    <value>org.apache.hadoop.hdfs.server.namenode.ha.ConfiguredFailoverProxyProvider</value>
  </property>
  <property>
    <name>dfs.ha.automatic-failover.enabled.nn-h3</name>
    <value>true</value>
  </property>
  <property>
    <name>ha.zookeeper.quorum</name>
    <value>hdpnn-h3-awsw01.ds.dtveng.net:2181,hdpnn-h3-awsw02.ds.dtveng.net:2181,hdpdn-h3-awsw01.ds.dtveng.net:2181</value>
  </property>
  <property>
    <name>dfs.ha.namenodes.nn-h3</name>
    <value>namenode347,namenode493</value>
  </property>
  <property>
    <name>dfs.namenode.rpc-address.nn-h3.namenode347</name>
    <value>hdpnn-h3-awsw01.ds.dtveng.net:8020</value>
  </property>
  <property>
    <name>dfs.namenode.servicerpc-address.nn-h3.namenode347</name>
    <value>hdpnn-h3-awsw01.ds.dtveng.net:8022</value>
  </property>
  <property>
    <name>dfs.namenode.http-address.nn-h3.namenode347</name>
    <value>hdpnn-h3-awsw01.ds.dtveng.net:50070</value>
  </property>
  <property>
    <name>dfs.namenode.https-address.nn-h3.namenode347</name>
    <value>hdpnn-h3-awsw01.ds.dtveng.net:50470</value>
  </property>
  <property>
    <name>dfs.namenode.rpc-address.nn-h3.namenode493</name>
    <value>hdpnn-h3-awsw02.ds.dtveng.net:8020</value>
  </property>
  <property>
    <name>dfs.namenode.servicerpc-address.nn-h3.namenode493</name>
    <value>hdpnn-h3-awsw02.ds.dtveng.net:8022</value>
  </property>
  <property>
    <name>dfs.namenode.http-address.nn-h3.namenode493</name>
    <value>hdpnn-h3-awsw02.ds.dtveng.net:50070</value>
  </property>
  <property>
    <name>dfs.namenode.https-address.nn-h3.namenode493</name>
    <value>hdpnn-h3-awsw02.ds.dtveng.net:50470</value>
  </property>
  <property>
    <name>dfs.replication</name>
    <value>3</value>
  </property>
  <property>
    <name>dfs.blocksize</name>
    <value>134217728</value>
  </property>
  <property>
    <name>dfs.client.use.datanode.hostname</name>
    <value>false</value>
  </property>
  <property>
    <name>fs.permissions.umask-mode</name>
    <value>022</value>
  </property>
  <property>
    <name>dfs.client.read.shortcircuit</name>
    <value>false</value>
  </property>
  <property>
    <name>dfs.domain.socket.path</name>
    <value>/var/run/hdfs-sockets/dn</value>
  </property>
  <property>
    <name>dfs.client.read.shortcircuit.skip.checksum</name>
    <value>false</value>
  </property>
  <property>
    <name>dfs.client.domain.socket.data.traffic</name>
    <value>false</value>
  </property>
  <property>
    <name>dfs.datanode.hdfs-blocks-metadata.enabled</name>
    <value>true</value>
  </property>
  <property>
    <name>dfs.block.access.token.enable</name>
    <value>true</value>
  </property>
  <property>
    <name>dfs.namenode.kerberos.principal</name>
    <value>hdfs/_HOST@DS.DTVENG.NET</value>
  </property>
  <property>
    <name>dfs.namenode.kerberos.internal.spnego.principal</name>
    <value>HTTP/_HOST@DS.DTVENG.NET</value>
  </property>
  <property>
    <name>dfs.datanode.kerberos.principal</name>
    <value>hdfs/_HOST@DS.DTVENG.NET</value>
  </property>
</configuration>
