<workflow-app name="Recommendation_DataAnalytics" xmlns="uri:oozie:workflow:0.4">
        <global>
                 <job-tracker>${jobTracker}</job-tracker>
            <name-node>${nameNode}</name-node>
                <job-xml>hbase-site.xml</job-xml>
        </global>
        <credentials>
                <credential name='hive_credentials' type='hcat'>
                        <property>
                                <name>hcat.metastore.uri</name>
                                <value>${hcatmetastoreuri}</value>
                        </property>
                        <property>
                                <name>hcat.metastore.principal</name>
                                <value>${hcatmetastoreprincipal}</value>
                        </property>
                </credential>
                <credential name='hbase_credentials' type='hbase'>
                </credential>
        </credentials>
        <start to="fork-decision_DataAnalytics" />
        <fork name="fork-decision_DataAnalytics">
        <path start="checkcbcf"/>
    <path start="checklastaction"/>
        <path start="checkWIH"/>
        <!--            <path start="oozie-lastaction-bulkload"/>
                        <path start="oozie-cbcf-bulkload"/> -->
        </fork>

        <!-- check for value in hbase table for DA jobs -->

        <action name="checkcbcf" cred="hbase_credentials">
                <shell xmlns="uri:oozie:shell-action:0.1">
                        <job-tracker>${jobTracker}</job-tracker>
            <name-node>${nameNode}</name-node>
                        <exec>HbaseLookup.sh</exec>
                        <argument>${lookuptable}</argument>
                        <argument>${DAjob_cbcfkey}</argument>
                        <argument>${lookupCf}</argument>
                        <file>HbaseLookup.sh#HbaseLookup.sh</file>
                        <file>HbaseLookup.py#HbaseLookup.py</file>
                        <file>hbase-site.xml#hbase-site.xml</file>
                        <capture-output/>
                </shell>
        <ok to="decisionCBCF" />
        <error to="kill" />
        </action>

        <action name="checklastaction" cred="hbase_credentials">
                <shell xmlns="uri:oozie:shell-action:0.1">
                        <job-tracker>${jobTracker}</job-tracker>
                        <name-node>${nameNode}</name-node>
                        <exec>HbaseLookup.sh</exec>
                        <argument>${lookuptable}</argument>
                        <argument>${DAjob_lastactionkey}</argument>
                        <argument>${lookupCf}</argument>
                        <file>HbaseLookup.sh#HbaseLookup.sh</file>
                        <file>HbaseLookup.py#HbaseLookup.py</file>
                        <file>hbase-site.xml#hbase-site.xml</file>
                        <capture-output/>
                </shell>
        <ok to="decisionLA" />
        <error to="kill" />
        </action>
        <action name="checkWIH" cred="hbase_credentials">
                <shell xmlns="uri:oozie:shell-action:0.1">
                        <job-tracker>${jobTracker}</job-tracker>
                        <name-node>${nameNode}</name-node>
                        <exec>HbaseLookup.sh</exec>
                        <argument>${lookuptable}</argument>
                        <argument>${DAjob_WIHkey}</argument>
                        <argument>${lookupCf}</argument>
                        <file>HbaseLookup.sh#HbaseLookup.sh</file>
                        <file>HbaseLookup.py#HbaseLookup.py</file>
                        <file>hbase-site.xml#hbase-site.xml</file>
                        <capture-output/>
                </shell>
        <ok to="decisionWIH" />
        <error to="kill" />
        </action>
        <!-- Based on findings above take decision to run first time or daily job for each DA job -->

        <decision name="decisionLA">
        <switch>
            <case to="firsttimeLA">
             ${wf:actionData('checklastaction')['firsttimejob']}
            </case>
            <default to="dailyLA"/>
        </switch>
    </decision>

        <decision name="decisionCBCF">
        <switch>
            <case to="firsttimeCBCF">
             ${wf:actionData('checkcbcf')['firsttimejob']}
            </case>
            <default to="dailyCBCF"/>
        </switch>
    </decision>
        <decision name="decisionWIH">
        <switch>
            <case to="firsttimeWIH">
             ${wf:actionData('checkWIH')['firsttimejob']}
            </case>
            <default to="dailyWIH"/>
        </switch>
    </decision>

        <!-- daily job and first time lastaction run and trigger jobs in h4 cluster to do bulkload -->

        <action name="dailyLA"  cred="hbase_credentials">
        <pig>
            <script>lastaction/global-setting-based/lastaction.py</script>
            <argument>dummyarg</argument>
            <argument>${batchnumber}</argument>
            <file>lastaction#lastaction</file>
            <file>lastaction_global_setting_based_properties.py#lastaction_global_setting_based_properties.py</file>
            <file>common#common</file>
                <file>bulkload#bulkload</file>
            <file>common_properties.py#common_properties.py</file>
            <file>hbase-site.xml#hbase-site.xml</file>
        <file>${analyticsUDF}#${analyticsUDF}</file>
                <file>${bulkloadjar}#${bulkloadjar}</file>
                <file>${keytab}#${keytab}</file>
        </pig>
        <ok to="oozie-lastaction-bulkload"/>
        <error to="join-decision_DataAnalytics"/>
        </action>


        <action name="firsttimeLA"  cred="hbase_credentials">
        <pig>
            <script>lastaction/global-setting-based/lastaction.py</script>
            <argument>dummyarg</argument>
            <argument>${batchnumber}</argument>
            <file>lastaction#lastaction</file>
            <file>lastaction_global_setting_based_properties.py#lastaction_global_setting_based_properties.py</file>
            <file>common#common</file>
                <file>bulkload#bulkload</file>
            <file>common_properties.py#common_properties.py</file>
            <file>hbase-site.xml#hbase-site.xml</file>
        <file>${analyticsUDF}#${analyticsUDF}</file>
                <file>${bulkloadjar}#${bulkloadjar}</file>
                <file>${keytab}#${keytab}</file>
        </pig>
        <ok to="oozie-lastaction-bulkload"/>
        <error to="join-decision_DataAnalytics"/>
        </action>

        <action name="oozie-lastaction-bulkload">
                <shell xmlns="uri:oozie:shell-action:0.1">
                        <job-tracker>${jobTracker}</job-tracker>
            <name-node>${nameNode}</name-node>
                        <exec>run.sh</exec>
                        <argument>${batchnumber}</argument>
                        <argument>${serviceaccount}</argument>
                        <argument>${keytab}</argument>
                        <argument>${bulkloadjar}</argument>
                        <argument>${Hbase_oozie_url}</argument>
                        <argument>${HbaseNameNode}</argument>
                        <argument>${HbaseJobTracker}</argument>
                        <argument>${oozie_use_system_libpath}</argument>
                        <argument>${oozie_bulkload_lastaction}</argument>
                        <file>oozie-lastaction-bulkload/run.sh#run.sh</file>
                        <file>oozie-lastaction-bulkload/job.properties#job.properties
                        </file>
                        <file>${keytab}#${keytab}</file>
                </shell>
                <ok to="join-decision_DataAnalytics" />
                <error to="join-decision_DataAnalytics" />
        </action>

        <!-- Run cbcf daily or first time cbcf and then trigger oozie job in h4 cluster to do the bulkload there from staging directory -->


        <action name="dailyCBCF"  cred="hbase_credentials">
        <pig>
            <script>cbcf/production/daily-cbcf/MergeCBCF.py</script>
            <argument>dummyarg</argument>
            <argument>${batchnumber}</argument>
            <file>cbcf#cbcf</file>
            <file>production_cbcf_daily_properties.py#production_cbcf_daily_properties.py</file>
            <file>common#common</file>
                <file>bulkload#bulkload</file>
            <file>common_properties.py#common_properties.py</file>
            <file>hbase-site.xml#hbase-site.xml</file>
        <file>${analyticsUDF}#${analyticsUDF}</file>
                <file>${bulkloadjar}#${bulkloadjar}</file>
                <file>${keytab}#${keytab}</file>
        </pig>
        <ok to="oozie-cbcf-bulkload"/>
        <error to="join-decision_DataAnalytics"/>
        </action>

        <action name="firsttimeCBCF"  cred="hbase_credentials">
        <pig>
            <script>cbcf/production/firsttime-cbcf/CBCF.py</script>
            <argument>dummyarg</argument>
            <argument>${batchnumber}</argument>
            <file>cbcf#cbcf</file>
            <file>production_cbcf_firsttime_properties.py#production_cbcf_firsttime_properties.py</file>
            <file>common#common</file>
                <file>bulkload#bulkload</file>
            <file>common_properties.py#common_properties.py</file>
            <file>hbase-site.xml#hbase-site.xml</file>
        <file>${analyticsUDF}#${analyticsUDF}</file>
                <file>${bulkloadjar}#${bulkloadjar}</file>
                <file>${keytab}#${keytab}</file>
        </pig>
        <ok to="oozie-cbcf-bulkload"/>
        <error to="join-decision_DataAnalytics"/>
        </action>

        <action name="oozie-cbcf-bulkload">
                <shell xmlns="uri:oozie:shell-action:0.1">
                        <job-tracker>${jobTracker}</job-tracker>
            <name-node>${nameNode}</name-node>
                        <exec>run.sh</exec>
                        <argument>${batchnumber}</argument>
                        <argument>${serviceaccount}</argument>
                        <argument>${keytab}</argument>
                        <argument>${bulkloadjar}</argument>
                        <argument>${Hbase_oozie_url}</argument>
                        <argument>${HbaseNameNode}</argument>
                        <argument>${HbaseJobTracker}</argument>
                        <argument>${oozie_use_system_libpath}</argument>
                        <argument>${oozie_bulkload_cbcf}</argument>
                        <file>oozie-cbcf-bulkload/run.sh#run.sh</file>
                        <file>oozie-cbcf-bulkload/job.properties#job.properties
                        </file>
                        <file>${keytab}#${keytab}</file>
                </shell>
                <ok to="join-decision_DataAnalytics" />
                <error to="join-decision_DataAnalytics" />
        </action>
        <action name="dailyWIH" cred="hbase_credentials">
                <shell xmlns="uri:oozie:shell-action:0.1">
                        <job-tracker>${jobTracker}</job-tracker>
                        <name-node>${nameNode}</name-node>
                        <exec>run.sh</exec>
                        <argument>${batchnumber}</argument>
                        <file>what-is-hot/daily/run.sh#run.sh</file>
                        <file>what-is-hot#what-is-hot</file>
                        <file>bulkload#bulkload</file>
                        <file>common#common</file>
                        <file>${keytab}#${keytab}</file>
                        <file>hbase-site.xml#hbase-site.xml</file>
                        <file>common_properties.py#common_properties.py</file>
                        <file>${analyticsUDF}#${analyticsUDF}</file>
                        <file>${bulkloadjar}#${bulkloadjar}</file>
                </shell>
                <ok to="oozie-WIH-bulkload"/>
        <error to="join-decision_DataAnalytics"/>
        </action>
                <action name="firsttimeWIH" cred="hbase_credentials">
                <shell xmlns="uri:oozie:shell-action:0.1">
                        <job-tracker>${jobTracker}</job-tracker>
                        <name-node>${nameNode}</name-node>
                        <exec>run.sh</exec>
                        <argument>${batchnumber}</argument>
                        <file>what-is-hot/firsttime/run.sh#run.sh</file>
                        <file>what-is-hot#what-is-hot</file>
                        <file>bulkload#bulkload</file>
                        <file>common#common</file>
                        <file>${keytab}#${keytab}</file>
                        <file>hbase-site.xml#hbase-site.xml</file>
                        <file>common_properties.py#common_properties.py</file>
                        <file>${analyticsUDF}#${analyticsUDF}</file>
                        <file>${bulkloadjar}#${bulkloadjar}</file>
                </shell>
                <ok to="oozie-WIH-bulkload"/>
        <error to="join-decision_DataAnalytics"/>
        </action>

        <action name="oozie-WIH-bulkload">
                <shell xmlns="uri:oozie:shell-action:0.1">
                        <job-tracker>${jobTracker}</job-tracker>
            <name-node>${nameNode}</name-node>
                        <exec>run.sh</exec>
                        <argument>${batchnumber}</argument>
                        <argument>${serviceaccount}</argument>
                        <argument>${keytab}</argument>
                        <argument>${bulkloadjar}</argument>
                        <argument>${Hbase_oozie_url}</argument>
                        <argument>${HbaseNameNode}</argument>
                        <argument>${HbaseJobTracker}</argument>
                        <argument>${oozie_use_system_libpath}</argument>
                        <argument>${oozieWIHbulkload}</argument>
                        <file>oozie-WIH-bulkload/run.sh#run.sh</file>
                        <file>oozie-WIH-bulkload/job.properties#job.properties
                        </file>
                        <file>${keytab}#${keytab}</file>
                </shell>
                <ok to="join-decision_DataAnalytics" />
                <error to="join-decision_DataAnalytics" />
        </action>
        <join name="join-decision_DataAnalytics" to="end" />
        <kill name="kill">
                <message>Action failed, error
                        message[${wf:errorMessage(wf:lastErrorNode())}]</message>
        </kill>
<end name="end" />
</workflow-app>
