<?xml version="1.0" encoding="UTF-8"?>
<!DOCTYPE properties SYSTEM "http://java.sun.com/dtd/properties.dtd">
<properties>
	<comment>Application Config</comment>

	<entry key="com.directv.uds.common.timezone">UTC</entry>

	<entry key="com.directv.uds.hbase.pool.corePoolSize">1</entry>
	<entry key="com.directv.uds.hbase.pool.maxPoolSize">10</entry>

	<!-- in second -->
	<entry key="com.directv.uds.hbase.pool.keepAliveTime">120</entry>
	<entry key="com.directv.uds.hbase.pool.monitorInterval">120</entry>

	<!-- aspect order -->
	<entry key="aspect.order.filterResponseAspect">300</entry>
	<entry key="aspect.order.correlationIdLoggerAspect">200</entry>
	<entry key="aspect.order.perfAspect">100</entry>
	<entry key="aspect.order.requestValidationAspect">1</entry>

	<entry key="impala.validationQuery">select 1</entry>

	<!-- in milli second -->
	<entry key="com.directv.uds.hbase.client.maxidletime">300000</entry>
	<entry key="com.directv.uds.hbase.client.reconnect.interval">240000</entry>
	<entry key="com.directv.uds.kerberos.keytab.relogin.interval">3600000</entry>

	<entry key="mainCategories">Movies,TV,Sports,AllCategories</entry>
	<entry key="mainCategoriesMessage">Movies\, TV\, Sports\, AllCategories</entry>
	<entry key="allMainCategories">AllCategories</entry>
	<entry key="MAIN_CATEGORY_TV">TV</entry>
	<entry key="MAIN_CATEGORY_SPORTS">Sports</entry>

	<entry key="eventTypes">Watch,Record,Like,Purchase</entry>
	<entry key="eventTypesMessage">Watch\, Record\, Like\, Purchase</entry>

	<entry key="ignoredSubCategories">News,Series,TV
		Series,Shopping,Adult,Special,Specials,Religion,Weather,Highlights,Award
		Ceremony,Mini-Series,Orginal Series,Premiere,Premium TV</entry>

	<!-- -->
	<!-- This property was not being used anywhere in code <entry key="genreAttribute">Genre</entry> -->
	
	<entry key="cbcfAttributes">Genre,Actor,Director,Theme,Mood,Tone,TmsGenre,MobileGenre</entry>
	<entry key="cbcfAttributesMessage">Genre\, Actor\, Director\, Theme\, Mood\, Tone\, TmsGenre</entry>
	<entry key="genre.type.dtv">Genre</entry>
	<entry key="genre.type.tms">TmsGenre</entry>
	<entry key="genre.type.mobile">MobileGenre</entry>
	<entry key="genre.type.default">Genre</entry>

	<entry key="daysOfWeek">Alldays,Monday,Tuesday,Wednesday,Thursday,Friday,Saturday,Sunday</entry>

	<entry key="cbcfTimeWindow">Last6Months,Week,Month</entry>
	<entry key="cbcfTimeWindowMessage">Last6Months\, Week\, Month</entry>
	<entry key="wihTimeWindow">FiveDays</entry>

	<entry key="ruleType">LastWatched,LastPurchased,LastRated,LastRecorded,WhatIsHot</entry>
	<entry key="creditType">Actor,Director</entry>

	<!--HBase date format -->
	<entry key="hbaseDateTimeFormat">yyyyMMddHHmmss</entry>
	<entry key="hbaseDateFormat">yyyyMMdd</entry>

	<!-- Filter Config -->
	<entry key="deliverName">deliveryType</entry>
	<entry key="deliverValue">delivery</entry>
	<entry key="genreName">subcategory</entry>
	<entry key="genreValue">genre1-genre2-genre3</entry>
	<entry key="ratingName">rating</entry>
	<entry key="ratingValue">rating</entry>
	<entry key="ppvName">ppv</entry>
	<entry key="ppvValue">pay</entry>
	<entry key="categoryName">category</entry>
	<entry key="categoryValue">maincategory</entry>
	<entry key="dayOfWeekName">dayOfWeek</entry>
	<entry key="dayOfWeekValue">dayofweek</entry>
	<!-- change device to lastActionDevice CR-3811 -->
	<entry key="deviceName">lastActionDevice</entry>
	<entry key="deviceValue">devicetype</entry>
	<entry key="timeOfDayName">timeOfDay</entry>
	<entry key="timeOfDayValue">timeofday</entry>
	<!-- For credit -->
	<entry key="castName">cast</entry>
	<entry key="castValue">cast</entry>
	<entry key="timeWindowName">timeWindow</entry>
	<entry key="timeWindowValue">timeWindow</entry>

	<!-- user taste value -->
	<entry key="userTasteFilterValue">user taste</entry>

	<!-- List Builder Value -->
	<entry key="listBuilderValue">monday;Monday</entry>
	<entry key="listBuilderValue">tuesday;Tuesday</entry>
	<entry key="listBuilderValue">wednesday;Wednesday</entry>
	<entry key="listBuilderValue">thursday;Thursday</entry>
	<entry key="listBuilderValue">friday;Friday</entry>
	<entry key="listBuilderValue">saturday;Saturday</entry>
	<entry key="listBuilderValue">sunday;Sunday</entry>
	<entry key="listBuilderValue">daytime;Daytime</entry>
	<entry key="listBuilderValue">early fringe;Early Fringe</entry>
	<entry key="listBuilderValue">prime time;Prime Fringe</entry>
	<entry key="listBuilderValue">late evening;Late Evening</entry>
	<entry key="listBuilderValue">late night;Late Night</entry>
	<entry key="listBuilderValue">early morning;Early Morning</entry>
	<entry key="listBuilderValue">linear;Linear</entry>
	<entry key="listBuilderValue">nonlinear;Nonlinear</entry>
	<entry key="listBuilderValue">ios mobile;IOS Mobile Phone</entry>
	<entry key="listBuilderValue">android mobile;Android Mobile Phone</entry>
<!-- 	<entry key="listBuilderValue">ios table;IOS Table</entry> -->
<!-- 	<entry key="listBuilderValue">android table;Android Table</entry> -->
	<!-- <entry key="listBuilderValue">web;Web</entry> -->
	<entry key="listBuilderValue">stb;STB</entry>
	<entry key="listBuilderValue">Premiere;Premiere</entry>
	<entry key="listBuilderValue">season premiere;Season Premiere</entry>
	<entry key="listBuilderValue">series premiere;Series Permiere</entry>
	<entry key="listBuilderValue">season finale;Season Finale</entry>
	<entry key="listBuilderValue">series finale;Series Finale</entry>
	<entry key="listBuilderValue">tvy;TVY</entry>
	<entry key="listBuilderValue">tvy7;TVY7</entry>
	<entry key="listBuilderValue">tvg;TVG</entry>
	<entry key="listBuilderValue">g;G</entry>
	<entry key="listBuilderValue">tvpg;TVPG</entry>
	<entry key="listBuilderValue">pg;PG</entry>
	<entry key="listBuilderValue">pg-13;PG-13</entry>
	<entry key="listBuilderValue">tv14;TV14</entry>
	<entry key="listBuilderValue">tvma;TVMA</entry>
	<entry key="listBuilderValue">r;R</entry>
	<entry key="listBuilderValue">nc17;NC17</entry>
	<entry key="listBuilderValue">nrnotrated;NR</entry>
	<entry key="listBuilderValue">linear;linear</entry>
	<entry key="listBuilderValue">nonlinear;nonlinear</entry>
	<entry key="listBuilderValue">action/adventure;Action/Adventure</entry>
	<entry key="listBuilderValue">adult;Adult</entry>
	<entry key="listBuilderValue">animals;Animals</entry>
	<entry key="listBuilderValue">animation;Animation</entry>
	<entry key="listBuilderValue">archeology;Archeology</entry>
	<entry key="listBuilderValue">art;Art</entry>
	<entry key="listBuilderValue">arts/crafts;Arts/crafts</entry>
	<entry key="listBuilderValue">auto;Auto</entry>
	<entry key="listBuilderValue">aviation;Aviation</entry>
	<entry key="listBuilderValue">ballet;Ballet</entry>
	<entry key="listBuilderValue">baseball;Baseball</entry>
	<entry key="listBuilderValue">basketball;Basketball</entry>
	<entry key="listBuilderValue">billiards/pool;Billiards/Pool</entry>
	<entry key="listBuilderValue">biography;Biography</entry>
	<entry key="listBuilderValue">boarding;Boarding</entry>
	<entry key="listBuilderValue">boating;Boating</entry>
	<entry key="listBuilderValue">bodybuilding;Bodybuilding</entry>
	<entry key="listBuilderValue">bowling;Bowling</entry>
	<entry key="listBuilderValue">boxing;Boxing</entry>
	<entry key="listBuilderValue">business/financial;Business/Financial</entry>
	<entry key="listBuilderValue">celebrity;Celebrity</entry>
	<entry key="listBuilderValue">climbing;Climbing</entry>
	<entry key="listBuilderValue">collectibles;Collectibles</entry>
	<entry key="listBuilderValue">comedy;Comedy</entry>
	<entry key="listBuilderValue">computers;Computers</entry>
	<entry key="listBuilderValue">concerts;Concerts</entry>
	<entry key="listBuilderValue">cooking;Cooking</entry>
	<entry key="listBuilderValue">cricket;Cricket</entry>
	<entry key="listBuilderValue">curling;Curling</entry>
	<entry key="listBuilderValue">current affairs;Current Affairs</entry>
	<entry key="listBuilderValue">cycling;Cycling</entry>
	<entry key="listBuilderValue">dance;Dance</entry>
	<entry key="listBuilderValue">diving;Diving</entry>
	<entry key="listBuilderValue">docudrama;Docudrama</entry>
	<entry key="listBuilderValue">documentary;Documentary</entry>
	<entry key="listBuilderValue">drama;Drama</entry>
	<entry key="listBuilderValue">educational;Educational</entry>
	<entry key="listBuilderValue">electronics;Electronics</entry>
	<entry key="listBuilderValue">exercise/fitness;Exercise/Fitness</entry>
	<entry key="listBuilderValue">extreme;Extreme</entry>
	<entry key="listBuilderValue">family;Family</entry>
	<entry key="listBuilderValue">fantasy;Fantasy</entry>
	<entry key="listBuilderValue">fashion/style;Fashion/Style</entry>
	<entry key="listBuilderValue">fishing;Fishing</entry>
	<entry key="listBuilderValue">football;Football</entry>
	<entry key="listBuilderValue">golf;Golf</entry>
	<entry key="listBuilderValue">gymnastics;Gymnastics</entry>
	<entry key="listBuilderValue">health/medicine;Health/Medicine</entry>
	<entry key="listBuilderValue">history;History</entry>
	<entry key="listBuilderValue">hockey;Hockey</entry>
	<entry key="listBuilderValue">holiday;Holiday</entry>
	<entry key="listBuilderValue">home repair;Home Repair</entry>
	<entry key="listBuilderValue">horror;Horror</entry>
	<entry key="listBuilderValue">horse;Horse</entry>
	<entry key="listBuilderValue">house/garden;House/Garden</entry>
	<entry key="listBuilderValue">how-To;How-To</entry>
	<entry key="listBuilderValue">hunting;Hunting</entry>
	<entry key="listBuilderValue">kids;Kids</entry>
	<entry key="listBuilderValue">law;Law</entry>
	<entry key="listBuilderValue">local;Local</entry>
	<entry key="listBuilderValue">martial arts;Martial Arts</entry>
	<entry key="listBuilderValue">medical;Medical</entry>
	<entry key="listBuilderValue">military/war;Military/War</entry>
	<entry key="listBuilderValue">motorcycle;Motorcycle</entry>
	<entry key="listBuilderValue">music;Music</entry>
	<entry key="listBuilderValue">musical;Musical</entry>
	<entry key="listBuilderValue">mystery/crime;Mystery/Crime</entry>
	<entry key="listBuilderValue">nature;Nature</entry>
	<entry key="listBuilderValue">news;News</entry>
	<entry key="listBuilderValue">opera;Opera</entry>
	<entry key="listBuilderValue">outdoors;Outdoors</entry>
	<entry key="listBuilderValue">paranormal;Paranormal</entry>
	<entry key="listBuilderValue">parenting;Parenting</entry>
	<entry key="listBuilderValue">performing arts;Performing Arts</entry>
	<entry key="listBuilderValue">playoff;Playoff</entry>
	<entry key="listBuilderValue">poker;Poker</entry>
	<entry key="listBuilderValue">politics;Politics</entry>
	<entry key="listBuilderValue">product info;Product Info</entry>
	<entry key="listBuilderValue">racing;Racing</entry>
	<entry key="listBuilderValue">reality;Reality</entry>
	<entry key="listBuilderValue">religion;Religion</entry>
	<entry key="listBuilderValue">rodeo;Rodeo</entry>
	<entry key="listBuilderValue">romance;Romance</entry>
	<entry key="listBuilderValue">rugby;Rugby</entry>
	<entry key="listBuilderValue">running;Running</entry>
	<entry key="listBuilderValue">science;Science</entry>
	<entry key="listBuilderValue">science fiction;Science Fiction</entry>
	<entry key="listBuilderValue">self-help;Self - Help</entry>
	<entry key="listBuilderValue">series;Series</entry>
	<entry key="listBuilderValue">shooting;Shooting</entry>
	<entry key="listBuilderValue">shopping;Shopping</entry>
	<entry key="listBuilderValue">show business;Show Business</entry>
	<entry key="listBuilderValue">skating;Skating</entry>
	<entry key="listBuilderValue">skiing;Skiing</entry>
	<entry key="listBuilderValue">snowboarding;Snowboarding</entry>
	<entry key="listBuilderValue">soccer;Soccer</entry>
	<entry key="listBuilderValue">space exploration;Space Exploration</entry>
	<entry key="listBuilderValue">specials;Specials</entry>
	<entry key="listBuilderValue">sports Talk;Sports Talk</entry>
	<entry key="listBuilderValue">surfing;Surfing</entry>
	<entry key="listBuilderValue">suspense;Suspense</entry>
	<entry key="listBuilderValue">swimming;Swimming</entry>
	<entry key="listBuilderValue">tennis;Tennis</entry>
	<entry key="listBuilderValue">theatre;Theatre</entry>
	<entry key="listBuilderValue">track/field;Track/Field</entry>
	<entry key="listBuilderValue">travel;Travel</entry>
	<entry key="listBuilderValue">true crime;True Crime</entry>
	<entry key="listBuilderValue">volleyball;Volleyball</entry>
	<entry key="listBuilderValue">water sports;Water Sports</entry>
	<entry key="listBuilderValue">weather;Weather</entry>
	<entry key="listBuilderValue">western;Western</entry>
	<entry key="listBuilderValue">winter sports;Winter Sports</entry>
	<entry key="listBuilderValue">wrestling;Wrestling</entry>
	<entry key="listBuilderValue">movies;Movies</entry>
	<entry key="listBuilderValue">tv;TV</entry>
	<entry key="listBuilderValue">sports;Sports</entry>
	<entry key="listBuilderValue">adult;Adult</entry>
	<entry key="listBuilderValue">ios mobile;IPHONE</entry>
	<entry key="listBuilderValue">android mobile;ANDROID PHONE</entry>
	<entry key="listBuilderValue">ios tablet;IPAD</entry>
	<entry key="listBuilderValue">android tablet;ANDROID TABLET</entry>
	<entry key="listBuilderValue">web;DOTCOM</entry>
	<entry key="listBuilderValue">dotcom;DOTCOM</entry>
	<!-- <entry key="listBuilderValue">stb;OTHERS</entry> -->
	<entry key="listBuilderValue">stb;STB</entry>
	<entry key="listBuilderValue">xbox;OTHERS</entry>
	<entry key="listBuilderValue">playstation;OTHERS</entry>
	<entry key="listBuilderValue">user taste;user taste</entry>
	<!-- For credit -->
	<entry key="listBuilderValue">month;Month</entry>
	<entry key="listBuilderValue">last6months;Last6Months</entry>
	<entry key="listBuilderValue">actor;Actor</entry>
	<entry key="listBuilderValue">director;Director</entry>
	<entry key="listBuilderValue">alldays;Alldays</entry>

	<!-- Validation Error messages -->
	<entry key="com.directv.uds.message.error.timeWindow.day">Time window must be one of [${wihTimeWindow}]</entry>
	<entry key="com.directv.uds.message.error.limit">The limit must be a valid decimal number</entry>
	<entry key="com.directv.uds.message.error.offset">The offset must be a valid decimal number</entry>
	<entry key="com.directv.uds.message.error.attribute.mandatory">The value of attribute is mandatory</entry>
	<entry key="com.directv.uds.message.error.attribute.value">The value of attribute must be one of [${cbcfAttributesMessage}]</entry>
	<entry key="com.directv.uds.message.error.timeWindow.month">Time window must be one of [${cbcfTimeWindowMessage}]</entry>
	<entry key="com.directv.uds.message.error.date.mandatory">The value of date is mandatory</entry>
	<entry key="com.directv.uds.message.error.event.type">Event type must be one of [${eventTypesMessage}]</entry>
	<entry key="com.directv.uds.message.error.main.category">Main category must be one of [${mainCategoriesMessage}]</entry>

</properties>