<?xml version="1.0" encoding="UTF-8"?>
<beans xmlns="http://www.springframework.org/schema/beans"
	xmlns:aop="http://www.springframework.org/schema/aop" xmlns:xsi="http://www.w3.org/2001/XMLSchema-instance"
	xmlns:context="http://www.springframework.org/schema/context"
	xmlns:util="http://www.springframework.org/schema/util" xmlns:cache="http://www.springframework.org/schema/cache"
	xsi:schemaLocation="http://www.springframework.org/schema/aop http://www.springframework.org/schema/aop/spring-aop-3.1.xsd
		http://www.springframework.org/schema/beans http://www.springframework.org/schema/beans/spring-beans-3.1.xsd
		http://www.springframework.org/schema/util http://www.springframework.org/schema/util/spring-util-3.1.xsd
		http://www.springframework.org/schema/cache http://www.springframework.org/schema/cache/spring-cache-3.2.xsd
		http://www.springframework.org/schema/context http://www.springframework.org/schema/context/spring-context-3.1.xsd">

	<context:component-scan base-package="com.directv" />

	<import resource="classpath:application-context-service.xml" />
	<import resource="classpath:application-context-dal.xml" />

	<aop:aspectj-autoproxy />
	<bean id="perfAspect" class="com.directv.performanceprofiler.aop.PerfAspect">
		<property name="order" value="${aspect.order.perfAspect}" />
	</bean>

	<bean id="correlationIdLoggerAspect" class="com.directv.uds.aspect.CorrelationIdLoggerAspect">
		<property name="order" value="${aspect.order.correlationIdLoggerAspect}" />
	</bean>

	<bean id="filterResponseAspect" class="com.directv.uds.aspect.FilterResponseAspect">
		<property name="order" value="${aspect.order.filterResponseAspect}" />
	</bean>

	<!-- customize message for validation -->
	<bean id="requestValidator" class="com.directv.uds.validate.RequestValidator" />
	<bean id="requestValidationAspect" class="com.directv.uds.aspect.RequestValidationAspect">
		<constructor-arg name="requestValidator" ref="requestValidator"></constructor-arg>
	</bean>

	<aop:config>
		<aop:aspect id="requestValidationAspect" ref="requestValidationAspect"
			order="1">
			<!-- @Before -->
			<aop:pointcut id="pointCutBefore"
				expression="within(com.directv..*) &amp;&amp; execution(* *(..,@javax.validation.Valid (*),..))" />
			<aop:before method="validateRequest" pointcut-ref="pointCutBefore" />
		</aop:aspect>
	</aop:config>

	<!--beans utils -->
	<bean id="configuration" class="com.directv.uds.utils.Configuration" />

	<bean id="managePerfLogging" class="com.directv.performanceprofiler.jmx.ManagePerfLogging"></bean>

	<bean class="org.springframework.jmx.export.MBeanExporter">
		<property name="registrationBehaviorName" value="REGISTRATION_REPLACE_EXISTING" />
		<property name="beans">
			<util:map>
				<entry key="service:name=profilingService" value-ref="managePerfLogging" />
			</util:map>
		</property>
	</bean>
</beans>