<workflow-app name="Recommendation_Bulkload_CBCF" xmlns="uri:oozie:workflow:0.4">
<credentials>
		<credential name='hbase_credentials' type='hbase'>
		</credential>
	</credentials>
	<start to="cbcf"/>
	<!--
	
	<action name="test_shell">
		<shell xmlns="uri:oozie:shell-action:0.1">
			<job-tracker>${jobTracker}</job-tracker>
			<name-node>${nameNode}</name-node>
			<exec>test.sh</exec>
			<file>test.sh#test.sh</file>
		</shell>
		<ok to="end" />
		<error to="end" />
	</action>
	-->
    
    <action name="cbcf"  cred="hbase_credentials">
        <pig>
            <job-tracker>${jobTracker}</job-tracker>
            <name-node>${nameNode}</name-node>
            <job-xml>hbase-site.xml</job-xml>
            <script>cbcf/production/daily-cbcf/runBulkloadCBCF.py</script>
			<argument>dummyarg</argument>
			<argument>${batchnumber}</argument>
            <file>cbcf#cbcf</file>
	        <file>production_cbcf_daily_properties.py#production_cbcf_daily_properties.py</file>
            <file>common#common</file>
			<file>common_properties.py#common_properties.py</file>
			<file>bulkload#bulkload</file>
	        <file>hbase-site.xml#hbase-site.xml</file>
	        <file>${bulkloadjar}#${bulkloadjar}</file>
        </pig>
        <ok to="end"/>
        <error to="kill"/>
    </action>
    
    <kill name="kill">
		<message>Action failed, error
			message[${wf:errorMessage(wf:lastErrorNode())}]</message>
	</kill>
	<end name="end" />
</workflow-app>
