<?xml version="1.0" encoding="UTF-8"?>
<beans xmlns="http://www.springframework.org/schema/beans" xmlns:xsi="http://www.w3.org/2001/XMLSchema-instance"
	xmlns:context="http://www.springframework.org/schema/context" xmlns:util="http://www.springframework.org/schema/util"
	xmlns:p="http://www.springframework.org/schema/p" xmlns:cache="http://www.springframework.org/schema/cache"
	xmlns:task="http://www.springframework.org/schema/task"
	xsi:schemaLocation="http://www.springframework.org/schema/beans http://www.springframework.org/schema/beans/spring-beans-3.1.xsd
		http://www.springframework.org/schema/util http://www.springframework.org/schema/util/spring-util-3.1.xsd
		http://www.springframework.org/schema/context http://www.springframework.org/schema/context/spring-context-3.1.xsd
		http://www.springframework.org/schema/cache http://www.springframework.org/schema/cache/spring-cache.xsd
		http://www.springframework.org/schema/task http://www.springframework.org/schema/task/spring-task-3.1.xsd">

	<context:component-scan base-package="com.directv.uds.dao"></context:component-scan>
	<context:annotation-config />

	<!-- <bean id="corporateEventDao" class="com.directv.uds.dao.ImpalaListBuilderIntegrationDAOImpl">
        <property name="dataSource" ref="dataSource"/>
    </bean> -->
    
	 <bean id="dataSource" class="org.apache.commons.dbcp.BasicDataSource" destroy-method="close">
        <property name="driverClassName" value="${jdbcDriver}"/>
        <property name="url" value="${impala.url}"/>
        <property name="username" value=""/>
        <property name="password" value=""/>       
        <property name="validationQuery" value="${impala.validationQuery}"/>
    </bean> 

</beans>	
