{"rule":[{"state":"Published","query":{"match":{"type":"AND","statement":[{"match":null,"filter":{"name":"category","value2":null,"operation":"EQUAL","value1":"movies"}}]}},"collapseSeries":false,"suppressResult":false,"defaultLabel":"generic rule for UDS team","useEpisodeTitle":false,"manualPosition":[{"position":0,"tmsId":"TMS0002345"}],"userBehavior":null,"whatsHotByRegion":false,"updatedDate":"2014-06-35T23:22:12.000Z","ruleName":"Generic_Rule","dtv":null,"ottSources":null,"sort":[{"sortSeq":0,"sortBy":null,"sortField":"originalAirDate"},{"sortSeq":0,"sortBy":null,"sortField":"starRating"}],"inclusion":["TMS0004567","TMS0004568","TMS0004569"],"exclusion":["TMS0457888","TMS0457889"],"platform":[{"displayTitle":"Movies on iOS sort by air date and star rating","deviceType":"IOS_MOBILE"}],"typeOfRule":"GENERIC","maxResult":25}]}