<ehcache xmlns:xsi="http://www.w3.org/2001/XMLSchema-instance"
	xsi:noNamespaceSchemaLocation="ehcache.xsd">

	<defaultCache maxElementsInMemory="50000" eternal="true" timeToIdleSeconds="120"
		timeToLiveSeconds="120" overflowToDisk="false" />
	
	<!-- lookupAccountInfo - This cache contains a maximum in memory of 500 elements, and will expire (not 
		eternal). It will idle forever and will not overflow to disk. It will expire an element if it lives for 
		more than xx (120) minutes. -->
	<cache name="EncryptedIdToAccountIdCache" maxElementsInMemory="500" eternal="false" overflowToDisk="false"
		timeToIdleSeconds="0" timeToLiveSeconds="7200" statistics="true" />
	<cache name="AccountIdToEncryptedIdCache" maxElementsInMemory="500" eternal="false" overflowToDisk="false"
		timeToIdleSeconds="0" timeToLiveSeconds="7200" statistics="true" />
	<cache name="DmaCache" maxElementsInMemory="500" eternal="false" overflowToDisk="false"
		timeToIdleSeconds="0" timeToLiveSeconds="7200" statistics="true" />
	<cache name="LocationCache" maxElementsInMemory="500" eternal="false" overflowToDisk="false"
		timeToIdleSeconds="0" timeToLiveSeconds="7200" statistics="true" />
	
	<!-- timezoneOffsets - This cache contains a unlimited number of elements in memory, and will expire (not 
		eternal). It will idle forever and will not overflow to disk. It will expire an element if it lives for 
		more than 120 minutes. -->
	<cache name="TimezoneOffsetCache" maxElementsInMemory="500" eternal="false" overflowToDisk="false"
		timeToIdleSeconds="0" timeToLiveSeconds="7200" statistics="true" />
	
	<!-- 
	<cache name="topGenre" maxElementsInMemory="500" eternal="false" overflowToDisk="false"
		timeToIdleSeconds="0" timeToLiveSeconds="7200" statistics="true" />
	-->
	
	<cache name="lookupValue" maxElementsInMemory="500" eternal="false" overflowToDisk="false"
		timeToIdleSeconds="0" timeToLiveSeconds="120" statistics="true" />

</ehcache>	
