<workflow-app name="Recommendation_GuideDataIngestion" xmlns="uri:oozie:workflow:0.4">
    <global>
		<job-tracker>${jobTracker}</job-tracker>
          <name-node>${nameNode}</name-node>
        <job-xml>hbase-site.xml</job-xml>
    </global>
    <credentials>
		<credential name='hive_credentials' type='hcat'>
			<property>
				<name>hcat.metastore.uri</name>
				<value>${hcatmetastoreuri}</value>
			</property>
			<property>
				<name>hcat.metastore.principal</name>
				<value>${hcatmetastoreprincipal}</value>
			</property>
		</credential>
		<credential name='hbase_credentials' type='hbase'>
		</credential>
	</credentials>
    <start to="fork-GuideDataIngestion"/>
    <fork name="fork-GuideDataIngestion">
   <path start="EventIngestion" /> 
    <path start="ChannelIngestion" /> 
	<path start="ProgramIngestion" /> 
	 <path start="ScheduleIngestion" />
	 <path start="ContentIngestion" />
	 <path start="PersonMappingIngestion" />
	 <path start="OTTProviderIngestion" />
    </fork>

    <action name="EventIngestion"  cred="hbase_credentials">
        <pig>       
            <script>mergeEvent/mergeEvent.py</script>
            <argument>dummyarg</argument>
            <argument>${batchnumber}</argument>	
            <file>mergeEvent#mergeEvent</file>
	        <file>common_properties.py#common_properties.py</file>
            <file>ingestionUtils#ingestionUtils</file>
			<file>${keytab}#${keytab}</file>
	    <file>hbase-site.xml#hbase-site.xml</file>
        </pig>
        <ok to="join-GuideDataIngestion"/>
        <error to="join-GuideDataIngestion"/>
    </action>
	
    <action name="ChannelIngestion" cred="hbase_credentials">
        <pig>            
            <script>mergeChannel/mergeChannel.py</script>
              <argument>dummyarg</argument>
              <argument>${batchnumber}</argument>
	     <file>mergeChannel#mergeChannel</file>
	     <file>common_properties.py#common_properties.py</file>
	     <file>ingestionUtils#ingestionUtils</file>
		 <file>${keytab}#${keytab}</file>
             <file>hbase-site.xml#hbase-site.xml</file>
         </pig>
        <ok to="join-GuideDataIngestion"/>
        <error to="join-GuideDataIngestion"/>
    </action>
	
<action name="ProgramIngestion"  cred="hbase_credentials">
        <pig>           
            <script>mergeProgram/mergeProgram.py</script>
            <argument>dummyarg</argument>
            <argument>${batchnumber}</argument>	
            <file>mergeProgram#mergeProgram</file>
	    <file>common_properties.py#common_properties.py</file>
            <file>ingestionUtils#ingestionUtils</file>
			<file>${keytab}#${keytab}</file>
	    <file>hbase-site.xml#hbase-site.xml</file>
        </pig>
        <ok to="join-GuideDataIngestion"/>
        <error to="join-GuideDataIngestion"/>
    </action>
	
<action name="ScheduleIngestion"  cred="hbase_credentials">
        <pig>            
            <script>mergeSchedule/mergeSchedule.py</script>
            <argument>dummyarg</argument>
            <argument>${batchnumber}</argument>	
            <file>mergeSchedule#mergeSchedule</file>
	    <file>common_properties.py#common_properties.py</file>
            <file>ingestionUtils#ingestionUtils</file>
			<file>${keytab}#${keytab}</file>
	    <file>hbase-site.xml#hbase-site.xml</file>
        </pig>
        <ok to="join-GuideDataIngestion"/>
        <error to="join-GuideDataIngestion"/>
    </action>
	
	<action name="ContentIngestion"  cred="hbase_credentials">
        <pig>            
            <script>mergeContentDetail/mergeContent.py</script>
            <argument>dummyarg</argument>
            <argument>${batchnumber}</argument>
            <file>mergeContentDetail#mergeContentDetail</file>
           <file>common_properties.py#common_properties.py</file>
            <file>ingestionUtils#ingestionUtils</file>
                        <file>${keytab}#${keytab}</file>
            <file>hbase-site.xml#hbase-site.xml</file>
        </pig>
        <ok to="join-GuideDataIngestion"/>
        <error to="join-GuideDataIngestion"/>
    </action>
	
	<action name="PersonMappingIngestion"  cred="hbase_credentials">
        <pig>           
            <script>mergePersonMapping/mergePerson.py</script>
            <argument>dummyarg</argument>
            <argument>${batchnumber}</argument>
            <file>mergePersonMapping#mergePersonMapping</file>
            <file>common_properties.py#common_properties.py</file>
            <file>ingestionUtils#ingestionUtils</file>
            <file>${keytab}#${keytab}</file>
            <file>hbase-site.xml#hbase-site.xml</file>
        </pig>
        <ok to="join-GuideDataIngestion"/>
        <error to="join-GuideDataIngestion"/>
	</action>
	<action name="OTTProviderIngestion"  cred="hbase_credentials">
        <pig>           
            <script>mergeOTTProvider/mergeOTTProvider.py</script>
            <argument>dummyarg</argument>
            <argument>${batchnumber}</argument>
            <file>mergeOTTProvider#mergeOTTProvider</file>
            <file>common_properties.py#common_properties.py</file>
            <file>ingestionUtils#ingestionUtils</file>
            <file>${keytab}#${keytab}</file>
            <file>hbase-site.xml#hbase-site.xml</file>
        </pig>
        <ok to="join-GuideDataIngestion"/>
        <error to="join-GuideDataIngestion"/>
	</action>
    <join name="join-GuideDataIngestion" to="end"/>
    <kill name="kill">
        <message>Action failed, error message[${wf:errorMessage(wf:lastErrorNode())}]</message>
    </kill>
    <end name="end"/>
</workflow-app>
