<workflow-app name="Recommendation_Bulkload_WhatIsHot" xmlns="uri:oozie:workflow:0.4">
	<global>
		<job-xml>hbase-site.xml</job-xml>
	</global>
	<credentials>
		<credential name='hive_credentials' type='hcat'>
			<property>
				<name>hcat.metastore.uri</name>
				<value>${hcatmetastoreuri}</value>
			</property>
			<property>
				<name>hcat.metastore.principal</name>
				<value>${hcatmetastoreprincipal}</value>
			</property>
		</credential>
		<credential name='hbase_credentials' type='hbase'>
		</credential>
	</credentials>

	<start to="WhatIsHot" />


	<action name="WhatIsHot"  cred="hbase_credentials">
	<pig>
	    <job-tracker>${jobTracker}</job-tracker>
	    <name-node>${nameNode}</name-node>
	    <job-xml>hbase-site.xml</job-xml>
	    <script>what-is-hot/daily/bulkload-daily-wih.py</script>
	   <argument>dummyarg</argument>	
	    <argument>${batchnumber}</argument>			
	    <file>what-is-hot#what-is-hot</file>
	    <file>common#common</file>
	    <file>common_properties.py#common_properties.py</file>
	    <file>hbase-site.xml#hbase-site.xml</file>
	    <file>bulkload#bulkload</file>
	    <file>${bulkloadjar}#${bulkloadjar}</file>
	</pig>
	<ok to="end"/>
	<error to="kill"/>
	</action>
    
	<kill name="kill">
		<message>Action failed, error
			message[${wf:errorMessage(wf:lastErrorNode())}]</message>
	</kill>
	<end name="end" />
</workflow-app>
