GENRE,SUBGENRE,MOVIETYPE,RECOMMENDATIONGROUP,GROUPNUMBER
Family Movies,Animal Pictures For Families,Animal Pictures For Families,KIDS Animal Picture,2
Family Movies,Family Movies,Comedies For Families & Kids,KIDS Comedy,3
Family Movies,Family Movies,Animated Musicals for Families & Kids,KIDS Animated Musical,4
Family Movies,Family Movies,Animated Fantasies For Families & Kids,KIDS Animated Fantasy,5
Family Movies,Family Movies,Fantasies For Families & Kids,KIDS Fantasy,6
Family Movies,Family Movies,Fairy Tales & Legends For Families & Kids,KIDS Fairy Tales and Legends,7
Family Movies,Family Movies,Fantasy Adventures For Families & Kids,KIDS Fantasy Adventure,8
Family Movies,Family Movies,Adventures For Families & Kids,KIDS Adventure,9
Biographies,Music Biopics,Music Biopics,MUSIC Music History Biopic,10
Biographies,Music Biopics,Music Biopics,MUSIC Vocal Music Biopic,11
Biographies,Music Biopics,Music Biopics,MUSIC Musical Drama Biopic,12
Biographies,Music Biopics,Music Biopics,MUSIC Concerts,13
Biographies,Biographies,Docudramas,DRAMA Docudrama,14
Biographies,Biographies,Docudramas,DRAMA Docudrama Made-for-TV,15
Biographies,Biographies,Period Biopics,DRAMA Biopic Period Film,16
Biographies,Biographies,Biopics,DRAMA Biopic B&W,17
Biographies,Biographies,Biopics,DRAMA Biopic Docudrama,18
Biographies,Biographies,Biographical Documentaries,COMEDY Concerts,19
Biographies,Biographies,Biographical Documentaries,NON-FICTION Biography,20
Documentaries,Documentaries,Social & Cultural Documentaries,NON-FICTION Gender Issues,21
Documentaries,Documentaries,Social & Cultural Documentaries,NON-FICTION Law & Crime,22
Documentaries,Documentaries,Social & Cultural Documentaries,NON-FICTION Social History,23
Documentaries,Documentaries,Social & Cultural Documentaries,NON-FICTION Social Issues,24
Documentaries,Documentaries,Social & Cultural Documentaries,NON-FICTION Sociology,25
Documentaries,Documentaries,Social & Cultural Documentaries,NON-FICTION Food for Thought,26
Documentaries,Documentaries,Social & Cultural Documentaries,NON-FICTION Film & Television History,27
Documentaries,Documentaries,Political & Military Documentaries,NON-FICTION Military & War,28
Documentaries,Documentaries,Political & Military Documentaries,NON-FICTION Politics & Government,29
Documentaries,Documentaries,Sports Documentaries,NON-FICTION Sports,30
Documentaries,Documentaries,Animal & Nature Documentaries,NON-FICTION Animals & Nature,31
Musicals,Musical Dramas,Musical Dramas,MUSIC Showbiz Musical Drama,32
Musicals,Musical Dramas,Musical Dramas,MUSIC Musical Drama,33
Musicals,Musical Dramas,Musical Romances,MUSIC Musical Romance,34
Musicals,Musical Dramas,Musical Westerns,MUSIC Musical Western,35
Musicals,Musical Dramas,Rock Musicals,MUSIC Rock Musical,36
Musicals,Musical Comedies,Musical Comedies,MUSIC Musical Comedy,37
Musicals,Musical Comedies,Musical Comedies,MUSIC Musical Comedy B&W,38
Musicals,Musical Comedies,Musical Comedies,MUSIC Romantic Musical Comedy,39
Musicals,Musical Comedies,Musical Comedies,MUSIC Showbiz Musical Comedy,40
Action Movies,Sports Dramas,Sports Dramas,DRAMA Sports Drama Boxing,41
Action Movies,Sports Dramas,Sports Dramas,DRAMA Sports Drama,42
Action Movies,Action/Adventure,Costume Adventure,COMEDY Adventure Comedy,43
Action Movies,Action/Adventure,Costume Adventure,ACTION/ADVENTURE Swashbuckler,44
Action Movies,Action/Adventure,Costume Adventure,ACTION/ADVENTURE Costume Adventure,45
Action Movies,Action/Adventure,Costume Adventure,ACTION/ADVENTURE Jungle Film,46
Action Movies,Action/Adventure,Adventure Dramas,ACTION/DRAMA Adventure Drama,47
Action Movies,Action/Adventure,Martial Arts,ACTION/MARTIAL Martial Arts,48
Action Movies,War & Combat Films,War & Combat Films,ACTION/WAR War & Combat,49
Action Movies,Westerns,Modern Westerns,ACTION/WESTERN Psychological Western,50
Action Movies,Westerns,Modern Westerns,ACTION/WESTERN Revisionist Western,51
Action Movies,Westerns,Modern Westerns,ACTION/WESTERN Modern Western,52
Action Movies,Westerns,Modern Westerns,ACTION/WESTERN Spaghetti Western,53
Action Movies,Westerns,Traditional Westerns,ACTION/WESTERN Outlaw (Gunfighter) Film,54
Action Movies,Westerns,Traditional Westerns,ACTION/WESTERN B-Western,55
Action Movies,Westerns,Traditional Westerns,ACTION/WESTERN Traditional Western,56
Romances,Romantic Comedies,Sweet Romantic Comedies,ROMANCE Romantic Comedy Sweet,57
Romances,Romantic Comedies,Romantic Comedies - Opposites Attract,ROMANCE Romantic Comedy Opposites Attract,58
Romances,Romantic Comedies,Romantic Comedy of Manners,ROMANCE Romantic Comedy of Manners,59
Romances,Romantic Comedies,Quirky Romantic Comedies,ROMANCE Romantic Comedy Quirky,60
Romances,Romantic Comedies,Romantic Comedy Dramas,ROMANCE Romantic Comedy Drama,61
Romances,Romantic Comedies,Romantic Comedies,ROMANCE Romantic Comedy Love,62
Romances,Romantic Comedies,Romantic Comedies,ROMANCE Romantic Comedy B&W,63
Romances,Romantic Comedies,Romantic Comedies,ROMANCE Romantic Comedy,64
Romances,Romantic Dramas,Romantic Fantasies,ROMANCE Romantic Adventure,65
Romances,Romantic Dramas,Romantic Fantasies,ROMANCE Romantic Fantasy,66
Romances,Romantic Dramas,War Romances,ROMANCE War Romance,67
Romances,Romantic Dramas,Romantic Period Films,ROMANCE Romantic Period Drama,68
Romances,Romantic Dramas,Romantic Dramas,ROMANCE Romantic Drama Love Triangles,69
Romances,Romantic Dramas,Romantic Dramas,ROMANCE Romantic Drama,70
Romances,Romantic Dramas,Romantic Dramas,ROMANCE Romantic Drama B&W,71
Romances,Romantic Dramas,Romantic Dramas,ROMANCE Romantic Drama Sentimental,72
Romances,Romantic Dramas,Romantic Dramas,ROMANCE Erotic Dramas,73
Romances,Romantic Dramas,Psychological Romantic Dramas,DRAMA Psychological Romantic Drama,74
Thrillers,Action Thrillers,Glamorized Spy Films,ACTION/THRILLER Glamorized Spy Film,75
Thrillers,Action Thrillers,Disaster Films,ACTION/THRILLER Disaster Film,76
Thrillers,Action Thrillers,Chase Movies,ACTION/THRILLER Chase Movie,77
Thrillers,Action Thrillers,Escape Films,ACTION/THRILLER Escape Film,78
Thrillers,Action Thrillers,Action Thrillers,ACTION/THRILLER Action Thriller Generic,79
Thrillers,Action Thrillers,Action Thrillers,ACTION/THRILLER Action Thriller Suspense,80
Thrillers,Action Thrillers,Action Thrillers,ACTION/THRILLER Action Thriller Tense,81
Thrillers,Action Thrillers,Action Thrillers,ACTION/THRILLER Action Thriller Terrorism,82
Thrillers,Psychological Thrillers,Psychological Thrillers,THRILLER Psychological Thriller Nail-biters,83
Thrillers,Psychological Thrillers,Psychological Thrillers,THRILLER Psychological Thriller Spellbinders,84
Thrillers,Psychological Thrillers,Psychological Thrillers,THRILLER Psychological Thriller Murders,85
Thrillers,Psychological Thrillers,Psychological Thrillers,THRILLER Psychological Thriller Serial Killers,86
Thrillers,Psychological Thrillers,Psychological Thrillers,THRILLER Paranoid Thriller,87
Thrillers,Psychological Thrillers,Psychological Thrillers,THRILLER Psychological Thriller Ominous,88
Thrillers,Psychological Thrillers,Psychological Thrillers,THRILLER Psychological Thriller Menacing,89
Thrillers,Psychological Thrillers,Psychological Thrillers,THRILLER Psychological Thriller Tense,90
Thrillers,Dramatic Thrillers,Dramatic Thrillers,THRILLER Erotic Thriller,91
Thrillers,Dramatic Thrillers,Dramatic Thrillers,HORROR Supernatural Thriller,92
Thrillers,Dramatic Thrillers,Dramatic Thrillers,THRILLER Political Thriller,93
Thrillers,Dramatic Thrillers,Dramatic Thrillers,THRILLER Spy Film,94
Thrillers,Dramatic Thrillers,Dramatic Thrillers,THRILLER Prison Film,95
Family Dramas,Coming-of-Age Dramas,Coming-of-Age Dramas,DRAMA Coming-of-Age,96
Family Dramas,Coming-of-Age Dramas,Coming-of-Age Dramas,DRAMA Coming-of-Age Family Drama,97
Family Dramas,Coming-of-Age Dramas,Coming-of-Age Period Films,DRAMA Coming-of-Age Period Film,98
Family Dramas,Coming-of-Age Dramas,Childhood Dramas,DRAMA Childhood Drama,99
Family Dramas,Crumbling Marriage Dramas,Crumbling Marriage Dramas,DRAMA Marriage Drama,100
Family Dramas,Family Dramas,Bittersweet Family Dramas,DRAMA Family Drama Bittersweet,101
Family Dramas,Family Dramas,Bittersweet Family Dramas,DRAMA Family Comedy-drama Bittersweet,102
Family Dramas,Family Dramas,Bittersweet Family Dramas,DRAMA Family Comedy-drama,103
Family Dramas,Family Dramas,Family Relationship Dramas,DRAMA Family Drama Melodrama,104
Family Dramas,Family Dramas,Family Relationship Dramas,DRAMA Family Relationship Drama,105
Family Dramas,Family Dramas,Family Relationship Dramas,DRAMA Family Drama Only Human,106
Family Dramas,Family Dramas,Family Relationship Dramas,DRAMA Melodrama,107
Family Dramas,Family Dramas,Family Relationship Dramas,DRAMA B&W Melodrama,108
Family Dramas,Family Dramas,Psychological Family Dramas,DRAMA Psychological Family Drama,109
Family Dramas,Teen Dramas,Teen Dramas,DRAMA Teen Movie,110
Historical Dramas,Historical Dramas,Americana,DRAMA Americana,111
Historical Dramas,Historical Dramas,Historical Dramas,DRAMA Historical Epic,112
Historical Dramas,Historical Dramas,Historical Dramas,DRAMA Period Film,113
Historical Dramas,Historical Dramas,Religious Dramas,DRAMA Religious Drama,114
Historical Dramas,Historical Dramas,Religious Dramas,DRAMA Religious Epic,115
Historical Dramas,War Dramas,War Dramas,ACTION/WAR War Drama B&W,116
Historical Dramas,War Dramas,War Dramas,ACTION/WAR War Drama,117
Issues Dramas,Issues Dramas,Addiction Dramas,DRAMA Addiction Drama,118
Issues Dramas,Issues Dramas,Inspirational Dramas,DRAMA Inspirational Drama,119
Issues Dramas,Issues Dramas,Message Movies,DRAMA Message Movie,120
Issues Dramas,Issues Dramas,Political Dramas,DRAMA Political Drama,121
Issues Dramas,Issues Dramas,Social Problem Films,DRAMA Social Problem Film,122
Issues Dramas,Psychological Dramas,Psychological Dramas,DRAMA Psychological Drama in a Minor Key,123
Issues Dramas,Psychological Dramas,Psychological Dramas,DRAMA Psychological Drama B&W,124
Issues Dramas,Psychological Dramas,Psychological Dramas,DRAMA Psychological Drama Poignant,125
Issues Dramas,Psychological Dramas,Psychological Dramas,DRAMA Psychological Drama,126
Dramatic Situations,Dramatic Situations,Showbiz Dramas,DRAMA Showbiz Drama,127
Dramatic Situations,Dramatic Situations,Road Movies,DRAMA Road Movie,128
Dramatic Situations,Dramatic Situations,Rural Dramas,DRAMA Rural Drama,129
Dramatic Situations,Dramatic Situations,Holiday Films,DRAMA Holiday Film,130
Dramatic Situations,Dramatic Situations,Medical Dramas,DRAMA Medical Drama,131
Dramatic Situations,Dramatic Situations,Feminist Films,DRAMA Feminist Film,132
Dramatic Situations,Dramatic Situations,Gay & Lesbian Films,DRAMA Gay & Lesbian Films,133
Dramatic Situations,Dramatic Situations,Courtroom Dramas,DRAMA Courtroom Drama,134
Fantasy,Superhero Films,Superhero Films,FANTASY Superhero Film,135
Fantasy,Fantasy Action,Fantasy Action,FANTASY Sword-and-Sorcery,136
Fantasy,Fantasy Action,Fantasy Action,FANTASY Fantasy Adventure,137
Science Fiction,Space Adventures,Space Adventures,SCI-FI Space Adventure,138
Science Fiction,Psychological Sci-Fi,Psychological Sci-Fi,SCI-FI Psychological Sci-Fi,139
Science Fiction,Sci-Fi Action,Sci-Fi Action,SCI-FI Sci-Fi Action,140
Science Fiction,Sci-Fi Action,Sci-Fi Action,SCI-FI Sci-Fi Robots & Androids,141
Science Fiction,Aliens & Disaster Films,Aliens & Disaster Films,SCI-FI Sci-Fi Disaster Film,142
Science Fiction,Aliens & Disaster Films,Aliens & Disaster Films,SCI-FI Alien Film,143
Science Fiction,Aliens & Disaster Films,Aliens & Disaster Films,SCI-FI Sci-Fi Horror,144
Fantasy/Sci-Fi Comedies,Sci-Fi Comedies,Sci-Fi Comedies,SCI-FI Sci-Fi Comedy,145
Fantasy/Sci-Fi Comedies,Fantasy Comedies,Fantasy Comedies,COMEDY Fantasy Comedy,146
Extreme Comedies,Madcap Comedies,Sex Comedies,COMEDY Sex Comedy,147
Extreme Comedies,Madcap Comedies,Gross-Out Comedies,COMEDY Gross-Out Comedy,148
Extreme Comedies,Madcap Comedies,Comedies of Errors,COMEDY Comedy of Errors,149
Extreme Comedies,Madcap Comedies,Comedies of Errors,COMEDY Comedy of Errors Madcap,150
Extreme Comedies,Madcap Comedies,Sophisticated Comedies,COMEDY Sophisticated Comedy,151
Extreme Comedies,Madcap Comedies,Comedies of Manners,COMEDY Comedy of Manners,152
Extreme Comedies,Madcap Comedies,Farce Comedies,COMEDY Farce,153
Extreme Comedies,Madcap Comedies,Farce Comedies,COMEDY Farce Madcap,154
Extreme Comedies,Madcap Comedies,Farce Comedies,COMEDY Screwball Comedy,155
Extreme Comedies,Madcap Comedies,Slapstick Comedies,COMEDY Slapstick Comedy Goofy,156
Extreme Comedies,Madcap Comedies,Slapstick Comedies,COMEDY Slapstick Comedy B&W,157
Extreme Comedies,Satirical Comedies,Absurd Comedies,COMEDY Absurd Comedy,158
Extreme Comedies,Satirical Comedies,Dark Comedies,COMEDY Black Comedy,159
Extreme Comedies,Satirical Comedies,Media Satire,COMEDY Media Satire,160
Extreme Comedies,Satirical Comedies,Political Satire,COMEDY Political Satire,161
Extreme Comedies,Satirical Comedies,Parody/Spoof,COMEDY Parody/Spoof,162
Extreme Comedies,Satirical Comedies,Satirical Comedies,COMEDY Satire,163
Comedies,Action Comedies,Action Comedies,COMEDY Action Comedy,164
Comedies,Action Comedies,Martial Arts Comedies,COMEDY Martial Arts,165
Comedies,Action Comedies,Military Comedies,COMEDY Military Comedy,166
Comedies,Action Comedies,Sports Comedies,COMEDY Sports Comedy,167
Comedies,Action Comedies,Western Comedies,COMEDY Comedy Western,168
Comedies,Teen Comedies,Teen Comedies,COMEDY Teen Comedy,169
Comedies,Showbiz Comedies,Showbiz Comedies,COMEDY Showbiz Comedy,170
Comedies,Workplace Comedies,Workplace Comedies,COMEDY Workplace Comedy,171
Comedies,Road Movie Comedies,Road Movie Comedies,COMEDY Road Movie,172
Comedies,Period Film Comedies,Period Film Comedies,COMEDY Period Film,173
Comedies,Comedy Dramas,Domestic Comedies,COMEDY Domestic Comedy,174
Comedies,Comedy Dramas,Coming-of-Age Comedies,COMEDY Coming-of-Age Comedy,175
Comedies,Comedy Dramas,Gay & Lesbian Comedies,COMEDY Gay & Lesbian Comedy,176
Comedies,Comedy Dramas,Comedy Psychological Dramas,COMEDY Comedy Melodrama,177
Comedies,Comedy Dramas,Comedy Psychological Dramas,COMEDY Comedy Drama,178
Comedies,Comedy Dramas,Comedy Psychological Dramas,COMEDY Psychological Drama,179
Mystery/Crime,Mystery/Crime,Detective Films,MYSTERY/CRIME Detective Film,180
Mystery/Crime,Mystery/Crime,Detective Films,MYSTERY/CRIME Whodunit,181
Mystery/Crime,Mystery/Crime,Detective Films,MYSTERY/CRIME Police Detective Film,182
Mystery/Crime,Mystery/Crime,Gangster Films,MYSTERY/CRIME Gangster Film,183
Mystery/Crime,Mystery/Crime,Post-Noir (Modern Noir),MYSTERY/CRIME Post-Noir (Modern Noir),184
Mystery/Crime,Mystery/Crime,Crime Dramas,MYSTERY/CRIME Film Noir,185
Mystery/Crime,Mystery/Crime,Crime Dramas,MYSTERY/CRIME Police Drama,186
Mystery/Crime,Mystery/Crime,Crime Dramas,MYSTERY/CRIME Crime Drama Gritty,187
Mystery/Crime,Mystery/Crime,Crime Dramas,MYSTERY/CRIME Crime Drama,188
Mystery/Crime,Mystery/Crime,Crime Dramas,MYSTERY/CRIME Caper,189
Mystery/Crime,Mystery/Crime,Crime Thrillers,MYSTERY/CRIME Crime Thriller Murder,190
Mystery/Crime,Mystery/Crime,Crime Thrillers,MYSTERY/CRIME Crime Thriller Tense,191
Mystery/Crime,Mystery/Crime,Crime Thrillers,MYSTERY/CRIME Crime Thriller Drama,192
Mystery/Crime,Mystery/Crime,Crime Thrillers,MYSTERY/CRIME Crime Thriller Suspense,193
Mystery/Crime,Crime Comedies,Caper Comedies,COMEDY Crime Comedy Caper,194
Mystery/Crime,Crime Comedies,Caper Comedies,COMEDY Crime Comedy Cons and Scams,195
Mystery/Crime,Crime Comedies,Caper Comedies,COMEDY Crime Comedy Unlikely Criminals,196
Mystery/Crime,Crime Comedies,Crime Comedies,COMEDY Crime Comedy Quirky,197
Mystery/Crime,Crime Comedies,Crime Comedies,COMEDY Detective Comedy,198
Mystery/Crime,Crime Comedies,Comedy Thrillers,COMEDY Comedy Thriller,199
Horror Movies,Horror Comedies,Horror Comedies,HORROR Horror Comedy,200
Horror Movies,Psycho Horror,Psycho Horror,HORROR Psychological Thriller,201
Horror Movies,Psycho Horror,Psycho Horror,HORROR Slasher Film,202
Horror Movies,Supernatural Horror,Supernatural Horror,HORROR Supernatural Horror Suspense,203
Horror Movies,Supernatural Horror,Supernatural Horror,HORROR Supernatural Horror Creepy,204
Horror Movies,Supernatural Horror,Supernatural Horror,HORROR Supernatural Horror,205
Horror Movies,Supernatural Horror,Supernatural Horror,HORROR Haunted House,206
Horror Movies,Costume & Gothic Horror,Costume & Gothic Horror,HORROR Gothic Film,207
Horror Movies,Costume & Gothic Horror,Costume & Gothic Horror,HORROR Costume Horror,208
Horror Movies,Creature Horror,Creature Horror,HORROR Creature Film Monster,209
Horror Movies,Creature Horror,Creature Horror,HORROR Creature Film,210
Horror Movies,Creature Horror,Creature Horror,HORROR Animals & Nature,211
