<?xml version="1.0" encoding="UTF-8"?>
<!DOCTYPE log4j:configuration PUBLIC "-//LOGGER" "log4j.dtd">

<log4j:configuration xmlns:log4j="http://jakarta.apache.org/log4j/">
	<!-- Appenders -->
	<appender name="console" class="org.apache.log4j.ConsoleAppender">
		<param name="Target" value="System.out" />
		<layout class="org.apache.log4j.PatternLayout">
        <param name="ConversionPattern" value="%d{ISO8601} [%X{transLogger}] %c %-5p [%t] - %m%n" />		
		</layout>
	</appender>

	<appender name="fileAppender" class="org.apache.log4j.DailyRollingFileAppender">
		<param name="file" value="/tmp/up-logs/user-data-services-jaxrs.log" />
		<param name="datePattern" value="'.'yyyy-MM-dd" />
		<param name="append" value="true" />
		<layout class="org.apache.log4j.PatternLayout">
			<param name="ConversionPattern"
				value="%d{HH:mm:ss,SSS} %c %C{1} %-5p [%t] - %m%n" />
		</layout>
	</appender>

	<!-- AsyncAppender -->
	<appender name="asyncConsoleAppender" class="org.apache.log4j.AsyncAppender">
		<param name="BufferSize" value="1024" />
		<appender-ref ref="console" />
	</appender>
	
	<appender name="asyncFileAppender" class="org.apache.log4j.AsyncAppender">
		<param name="BufferSize" value="1024" />
		<appender-ref ref="fileAppender" />
	</appender>

	<appender name="performanceFileAppender" class="org.apache.log4j.DailyRollingFileAppender">
		<param name="file" value="/tmp/up-logs/user-data-services-jaxrs-perf.log" />
		<param name="datePattern" value="'.'yyyy-MM-dd" />
		<param name="append" value="true" />
		<layout class="org.apache.log4j.PatternLayout">
			<param name="ConversionPattern" value="%m%n" />
		</layout>
	</appender>

	<appender name="coalescingStatisticsAppender"
		class="com.directv.performanceprofiler.appender.CustomAsyncCoalescingStatisticsAppender">
		<param name="TimeSlice" value="10000" />
		<appender-ref ref="performanceFileAppender" />
	</appender>

	<!-- Loggers -->
	<logger name="com.directv">
		<level value="DEBUG" />
	</logger>

	<logger name="org.perf4j.TimingLogger" additivity="false">
		<level value="trace" />
		<appender-ref ref="coalescingStatisticsAppender" />
	</logger>

	<!-- Root Logger -->
	<root>
		<priority value="INFO" />
		<appender-ref ref="asyncFileAppender" />
		<appender-ref ref="asyncConsoleAppender" />
	</root>
	
</log4j:configuration>
