<?xml version="1.0" encoding="UTF-8"?>

<!--Autogenerated by Cloudera CM on 2014-10-23T22:10:49.807Z-->
<configuration>
  <property>
    <name>hbase.rootdir</name>
    <value>hdfs://10.220.18.63/hbase</value>
  </property>
  <property>
    <name>hbase.cluster.distributed</name>
    <value>true</value>
  </property>
  <property>
    <name>hbase.client.write.buffer</name>
    <value>2097152</value>
  </property>
  <property>
    <name>hbase.client.pause</name>
    <value>1000</value>
  </property>
  <property>
    <name>hbase.client.retries.number</name>
    <value>10</value>
  </property>
  <property>
    <name>hbase.client.scanner.caching</name>
    <value>1</value>
  </property>
  <property>
    <name>hbase.client.keyvalue.maxsize</name>
    <value>10485760</value>
  </property>
  <property>
    <name>hbase.regionserver.port</name>
    <value>60020</value>
  </property>
  <property>
    <name>hbase.regionserver.ipc.address</name>
    <value>0.0.0.0</value>
  </property>
  <property>
    <name>hbase.regionserver.info.port</name>
    <value>60030</value>
  </property>
  <property>
    <name>hbase.regionserver.lease.period</name>
    <value>60000</value>
  </property>
  <property>
    <name>hbase.regionserver.handler.count</name>
    <value>10</value>
  </property>
  <property>
    <name>hbase.regionserver.msginterval</name>
    <value>3000</value>
  </property>
  <property>
    <name>hbase.regionserver.optionallogflushinterval</name>
    <value>1000</value>
  </property>
  <property>
    <name>hbase.regionserver.regionSplitLimit</name>
    <value>2147483647</value>
  </property>
  <property>
    <name>hbase.regionserver.logroll.period</name>
    <value>3600000</value>
  </property>
  <property>
    <name>hbase.regionserver.nbreservationblocks</name>
    <value>4</value>
  </property>
  <property>
    <name>hbase.regionserver.global.memstore.upperLimit</name>
    <value>0.4</value>
  </property>
  <property>
    <name>hbase.regionserver.global.memstore.lowerLimit</name>
    <value>0.35</value>
  </property>
  <property>
    <name>hbase.regionserver.codecs</name>
    <value></value>
  </property>
  <property>
    <name>hbase.regionserver.maxlogs</name>
    <value>32</value>
  </property>
  <property>
    <name>hbase.regionserver.hlog.blocksize</name>
    <value>134217728</value>
  </property>
  <property>
    <name>hbase.hregion.memstore.flush.size</name>
    <value>134217728</value>
  </property>
  <property>
    <name>hbase.hregion.memstore.mslab.enabled</name>
    <value>true</value>
  </property>
  <property>
    <name>hbase.hregion.memstore.mslab.chunksize</name>
    <value>2097152</value>
  </property>
  <property>
    <name>hbase.hregion.memstore.mslab.max.allocation</name>
    <value>262144</value>
  </property>
  <property>
    <name>hbase.hregion.preclose.flush.size</name>
    <value>5242880</value>
  </property>
  <property>
    <name>hbase.hregion.memstore.block.multiplier</name>
    <value>2</value>
  </property>
  <property>
    <name>hbase.hregion.max.filesize</name>
    <value>1073741824</value>
  </property>
  <property>
    <name>hbase.hstore.compactionThreshold</name>
    <value>3</value>
  </property>
  <property>
    <name>hbase.hstore.blockingStoreFiles</name>
    <value>7</value>
  </property>
  <property>
    <name>hbase.hstore.blockingWaitTime</name>
    <value>90000</value>
  </property>
  <property>
    <name>hbase.hregion.majorcompaction</name>
    <value>86400000</value>
  </property>
  <property>
    <name>hfile.block.cache.size</name>
    <value>0.25</value>
  </property>
  <property>
    <name>hbase.hash.type</name>
    <value>murmur</value>
  </property>
  <property>
    <name>hbase.server.thread.wakefrequency</name>
    <value>10000</value>
  </property>
  <property>
    <name>hbase.coprocessor.abortonerror</name>
    <value>false</value>
  </property>
  <!--'hbase.coprocessor.region.classes', originally set to 'org.apache.hadoop.hbase.security.token.TokenProvider,org.apache.hadoop.hbase.security.access.AccessController' (non-final), is overridden below by a safety valve-->
  <property>
    <name>hbase.superuser</name>
    <value>@cdh.h4.hbase.superusers</value>
  </property>
  <property>
    <name>hbase.rpc.timeout</name>
    <value>60000</value>
  </property>
  <property>
    <name>hbase.security.authentication</name>
    <value>kerberos</value>
  </property>
  <property>
    <name>hbase.security.authorization</name>
    <value>true</value>
  </property>
  <property>
    <name>zookeeper.session.timeout</name>
    <value>60000</value>
  </property>
  <property>
    <name>zookeeper.znode.parent</name>
    <value>/hbase</value>
  </property>
  <property>
    <name>zookeeper.znode.rootserver</name>
    <value>root-region-server</value>
  </property>
  <property>
    <name>hbase.zookeeper.quorum</name>
    <value>hdpnn-h4-awsw01.ds.dtveng.net,hdpnn-h4-awsw03.ds.dtveng.net,hdpnn-h4-awsw02.ds.dtveng.net</value>
  </property>
  <property>
    <name>hbase.zookeeper.property.clientPort</name>
    <value>2181</value>
  </property>
  <property>
    <name>hbase.regionserver.kerberos.principal</name>
    <value>hbase/_HOST@DS.DTVENG.NET</value>
  </property>
  <property>
    <name>hbase.regionserver.keytab.file</name>
    <value>hbase.keytab</value>
  </property>
  <property>
    <name>hbase.rpc.engine</name>
    <value>org.apache.hadoop.hbase.ipc.SecureRpcEngine</value>
  </property>
  <property>
    <name>hbase.master.kerberos.principal</name>
    <value>hbase/_HOST@DS.DTVENG.NET</value>
  </property>
  <property>
    <name>dfs.block.local-path-access.user</name>
    <value>hbase</value>
  </property>
  <property>
    <name>dfs.client.read.shortcircuit</name>
    <value>true</value>
  </property>
  <property>
    <name>hbase.regionserver.checksum.verify</name>
    <value>true</value>
  </property>
  <property>
    <name>hbase.bulkload.staging.dir</name>
    <value>/tmp/hbase-staging</value>
  </property>
  <property>
    <name>hbase.coprocessor.region.classes</name>
    <value>org.apache.hadoop.hbase.security.token.TokenProvider,org.apache.hadoop.hbase.security.access.AccessController,org.apache.hadoop.hbase.security.access.SecureBulkLoadEndpoint</value>
  </property>
</configuration>
