<workflow-app name="lastactionpublish_mapreduce" xmlns="uri:oozie:workflow:0.4">
	<global>
		<job-xml>hbase-site.xml</job-xml>
	</global>
	<credentials>
		<credential name='hive_credentials' type='hcat'>
			<property>
				<name>hcat.metastore.uri</name>
				<value>${hcatmetastoreuri}</value>
			</property>
			<property>
				<name>hcat.metastore.principal</name>
				<value>${hcatmetastoreprincipal}</value>
			</property>
		</credential>
		<credential name='hbase_credentials' type='hbase'>
		</credential>
	</credentials>

	<start to="LastActionIntegration" />


	<action name="LastActionIntegration"  cred="hbase_credentials">
	<pig>
	    <job-tracker>${jobTracker}</job-tracker>
	    <name-node>${nameNode}</name-node>
	    <job-xml>hbase-site.xml</job-xml>
	    <script>lastaction/listbuilder-rule-based/publish-mapreduce/run.py</script>
	    <argument>dummyarg</argument>
	    <argument>${batchnumber}</argument>
	    <argument>${rule}</argument>				
	    <file>lastaction#lastaction</file>
	    <file>lastaction_listbuilder_rule_based_properties.py#lastaction_listbuilder_rule_based_properties.py</file>
	    <file>common#common</file>
	    <file>common_properties.py#common_properties.py</file>
	    <file>hbase-site.xml#hbase-site.xml</file>
        <file>${analyticsUDF}#${analyticsUDF}</file>
        <file>${recommendationscommonsJar}#${recommendationscommonsJar}</file>
		<file>pig-0.9.0.jar#pig-0.9.0.jar</file>
	</pig>
	<ok to="end"/>
	<error to="kill"/>
	</action>
    
	<kill name="kill">
		<message>Action failed, error
			message[${wf:errorMessage(wf:lastErrorNode())}]</message>
	</kill>
	<end name="end" />
</workflow-app>
