<?xml version="1.0" encoding="UTF-8"?>
<beans:beans xmlns:mvc="http://www.springframework.org/schema/mvc"
	xmlns:xsi="http://www.w3.org/2001/XMLSchema-instance" xmlns:beans="http://www.springframework.org/schema/beans"
	xmlns:context="http://www.springframework.org/schema/context"
	xmlns:task="http://www.springframework.org/schema/task" xmlns:util="http://www.springframework.org/schema/util"
	xmlns:aop="http://www.springframework.org/schema/aop"
	xsi:schemaLocation="http://www.springframework.org/schema/mvc http://www.springframework.org/schema/mvc/spring-mvc.xsd
		http://www.springframework.org/schema/beans http://www.springframework.org/schema/beans/spring-beans.xsd
		http://www.springframework.org/schema/context http://www.springframework.org/schema/context/spring-context.xsd
		http://www.springframework.org/schema/task http://www.springframework.org/schema/task/spring-task.xsd
		http://www.springframework.org/schema/aop  http://www.springframework.org/schema/aop/spring-aop.xsd
		http://www.springframework.org/schema/util http://www.springframework.org/schema/util/spring-util.xsd">
	<task:annotation-driven />

	<!-- Handles HTTP GET requests for /resources/** by efficiently serving 
		up static resources in the ${webappRoot}/resources directory -->
	<mvc:resources mapping="/resources/**" location="/resources/" />

	<mvc:annotation-driven>
		<mvc:message-converters>
			<beans:bean
				class="org.springframework.http.converter.StringHttpMessageConverter"></beans:bean>
			<beans:bean
				class="org.springframework.http.converter.json.MappingJackson2HttpMessageConverter">
				<beans:property name="objectMapper" ref="objectMapper" />
			</beans:bean>
			<beans:bean
				class="com.directv.uds.util.CustomXmlMarshallingHttpMessageConverter">
				<beans:property name="marshaller" ref="marshaller" />
				<beans:property name="unmarshaller" ref="marshaller" />
			</beans:bean>
		</mvc:message-converters>
		<mvc:argument-resolvers>
			<beans:bean id="pageagleArgumentResolver"
				class="org.springframework.data.web.PageableHandlerMethodArgumentResolver" />
		</mvc:argument-resolvers>
	</mvc:annotation-driven>

	<mvc:default-servlet-handler />
	<aop:aspectj-autoproxy />

	<context:component-scan base-package="com.directv.uds" />

	<!-- Resolves views selected for rendering by @Controllers to .jsp resources 
		in the /WEB-INF/views directory -->
	<beans:bean
		class="org.springframework.web.servlet.view.InternalResourceViewResolver">
		<beans:property name="prefix" value="/WEB-INF/views/" />
		<beans:property name="suffix" value=".jsp" />
	</beans:bean>

	<beans:bean id="marshaller"
		class="org.springframework.oxm.jaxb.Jaxb2Marshaller">
		<beans:property name="contextPath" value="com.directv.uds.model" />
	</beans:bean>

	<beans:bean id="objectMapper"
		class="com.directv.uds.util.CustomJackson2ObjectMapper" />

	<!-- Configuring interceptors based on URI -->
	<mvc:interceptors>
		<mvc:interceptor>
			<mvc:mapping path="/**" />
			<beans:bean
				class="com.directv.uds.interceptor.RequestProcessingInterceptor"></beans:bean>
		</mvc:interceptor>
	</mvc:interceptors>

	<!-- <mvc:interceptors> <beans:bean id="webContentInterceptor" class="org.springframework.web.servlet.mvc.WebContentInterceptor"> 
		<beans:property name="cacheSeconds" value="-1"/> <beans:property name="useExpiresHeader" 
		value="false"/> <beans:property name="useCacheControlHeader" value="false"/> 
		<beans:property name="useCacheControlNoStore" value="false"/> </beans:bean> 
		</mvc:interceptors> -->

</beans:beans>
