<workflow-app name="topGenre" xmlns="uri:oozie:workflow:0.4">
	<global>
		<job-xml>hbase-site.xml</job-xml>
	</global>
	<credentials>
		<credential name='hive_credentials' type='hcat'>
			<property>
				<name>hcat.metastore.uri</name>
				<value>${hcatmetastoreuri}</value>
			</property>
			<property>
				<name>hcat.metastore.principal</name>
				<value>${hcatmetastoreprincipal}</value>
			</property>
		</credential>
		<credential name='hbase_credentials' type='hbase'>
		</credential>
	</credentials>

	<start to="topGenre" />


	<action name="topGenre"  cred="hbase_credentials">
	<pig>
	    <job-tracker>${jobTracker}</job-tracker>
	    <name-node>${nameNode}</name-node>
	    <job-xml>hbase-site.xml</job-xml>
	    <script>top-genre/TopGenre.py</script>
	    <argument>dummyarg</argument>
	    <argument>${batchnumber}</argument>	    	
	    <file>top-genre#top-genre</file>
	    <file>top_genre_properties.py#top_genre_properties.py</file>
	    <file>common#common</file>
	    <file>common_properties.py#common_properties.py</file>
	    <file>hbase-site.xml#hbase-site.xml</file>
        <file>pig-analytics-udf-0.1.9.jar#pig-analytics-udf-0.1.9.jar</file>
	    <file>recommendations-commons-0.1.12.jar#recommendations-commons-0.1.12.jar</file>
	</pig>
	<ok to="end"/>
	<error to="kill"/>
	</action>
    
	<kill name="kill">
		<message>Action failed, error
			message[${wf:errorMessage(wf:lastErrorNode())}]</message>
	</kill>
	<end name="end" />
</workflow-app>
