<coordinator-app name="Recommendation_Coordinator" frequency="${coord:hours(6)}" start="${startTime}" 
                 end="${endTime}" timezone="${timezone}" xmlns="uri:oozie:coordinator:0.1">
    <action>
       <workflow>
 <app-path>${workflowPath}</app-path>
    <configuration>
            <property>
                 <name>batchnumber</name>
                 <value>${coord:formatTime(coord:actualTime(),'yyyyMMddHHmmss')}</value>
                </property>
             </configuration>
        </workflow>
    </action>   
</coordinator-app>
