<?xml version="1.0" encoding="UTF-8"?>

<!--Autogenerated by Cloudera CM on 2014-09-04T21:16:32.178Z-->
<configuration>
  <property>
    <name>fs.defaultFS</name>
    <value>hdfs://nn-h1</value>
  </property>
  <property>
    <name>fs.trash.interval</name>
    <value>1</value>
  </property>
  <property>
    <name>hadoop.security.authentication</name>
    <value>kerberos</value>
  </property>
  <property>
    <name>hadoop.rpc.protection</name>
    <value>authentication</value>
  </property>
  <property>
    <name>hadoop.security.auth_to_local</name>
    <value>RULE:[1:$1@$0](.*@\QDS.DTVENG.NET\E$)s/@\QDS.DTVENG.NET\E$//
RULE:[2:$1@$0](.*@\QDS.DTVENG.NET\E$)s/@\QDS.DTVENG.NET\E$//
DEFAULT</value>
  </property>
  <property>
    <name>hadoop.proxyuser.oozie.hosts</name>
    <value>*</value>
  </property>
  <property>
    <name>hadoop.proxyuser.oozie.groups</name>
    <value>*</value>
  </property>
</configuration>
