<?xml version="1.0" encoding="UTF-8"?>

<!--Autogenerated by Cloudera CM on 2014-12-23T17:49:56.683Z-->
<configuration>
  <property>
    <name>hbase.rootdir</name>
    <value>hdfs://nn-h1/hbase</value>
  </property> 
  <property>
    <name>hbase.client.write.buffer</name>
    <value>2097152</value>
  </property>
  <property>
    <name>hbase.client.pause</name>
    <value>1000</value>
  </property>
  <property>
    <name>hbase.client.retries.number</name>
    <value>10</value>
  </property>
  <property>
    <name>hbase.client.scanner.caching</name>
    <value>1</value>
  </property>
  <property>
    <name>hbase.client.keyvalue.maxsize</name>
    <value>10485760</value>
  </property>
  <property>
    <name>hbase.rpc.timeout</name>
    <value>60000</value>
  </property>
  <property>
    <name>hbase.security.authentication</name>
    <value>kerberos</value>
  </property>
  <property>
    <name>zookeeper.session.timeout</name>
    <value>600000</value>
  </property>
   <property>
    <name>zookeeper.znode.parent</name>
    <value>/hbase</value>
  </property> 
  <property>
    <name>zookeeper.znode.rootserver</name>
    <value>root-region-server</value>
  </property> 
  <property>
    <name>hbase.zookeeper.quorum</name>
    <value>hdpnn-dv-msdc01.ds.dtveng.net,hdpnn-dv-msdc02.ds.dtveng.net,hdpdn-dv-msdc03.ds.dtveng.net</value>
  </property> 
   <property>
    <name>hbase.zookeeper.property.clientPort</name>
    <value>2181</value>
  </property> 
  <property>
    <name>hbase.rpc.engine</name>
    <value>org.apache.hadoop.hbase.ipc.SecureRpcEngine</value>
  </property>
  <property>
    <name>hbase.master.kerberos.principal</name>
    <value>hbase/_HOST@DS.DTVENG.NET</value>
  </property>
  <property>
    <name>hbase.regionserver.kerberos.principal</name>
    <value>hbase/_HOST@DS.DTVENG.NET</value>
  </property>
  <property>
    <name>hbase.rest.kerberos.principal</name>
    <value>hbase/_HOST@DS.DTVENG.NET</value>
  </property>
  <property>
    <name>hbase.thrift.kerberos.principal</name>
    <value>hbase/_HOST@DS.DTVENG.NET</value>
  </property>
</configuration>
