<?xml version="1.0" encoding="UTF-8"?>

<!--Autogenerated by Cloudera CM on 2014-08-13T02:33:42.540Z-->
<configuration>
  <property>
    <name>mapred.job.tracker</name>
    <value>hdpnn-dv-msdc02.ds.dtveng.net:8021</value>
  </property>
  <property>
    <name>mapred.job.tracker.http.address</name>
    <value>0.0.0.0:50030</value>
  </property>
  <property>
    <name>mapreduce.job.counters.max</name>
    <value>120</value>
  </property>
  <property>
    <name>mapred.output.compress</name>
    <value>false</value>
  </property>
  <property>
    <name>mapred.output.compression.type</name>
    <value>BLOCK</value>
  </property>
  <property>
    <name>mapred.output.compression.codec</name>
    <value>org.apache.hadoop.io.compress.DefaultCodec</value>
  </property>
  <property>
    <name>mapred.map.output.compression.codec</name>
    <value>org.apache.hadoop.io.compress.SnappyCodec</value>
  </property>
  <property>
    <name>mapred.compress.map.output</name>
    <value>true</value>
  </property>
  <property>
    <name>zlib.compress.level</name>
    <value>DEFAULT_COMPRESSION</value>
  </property>
  <property>
    <name>io.sort.factor</name>
    <value>64</value>
  </property>
  <property>
    <name>io.sort.record.percent</name>
    <value>0.05</value>
  </property>
  <property>
    <name>io.sort.spill.percent</name>
    <value>0.8</value>
  </property>
  <property>
    <name>mapred.reduce.parallel.copies</name>
    <value>10</value>
  </property>
  <property>
    <name>mapred.submit.replication</name>
    <value>1</value>
  </property>
  <property>
    <name>mapred.reduce.tasks</name>
    <value>11</value>
  </property>
  <property>
    <name>mapred.userlog.retain.hours</name>
    <value>24</value>
  </property>
  <property>
    <name>io.sort.mb</name>
    <value>256</value>
  </property>
  <property>
    <name>mapred.child.java.opts</name>
    <value>4000 -Xmx12884901888</value>
  </property>
  <property>
    <name>mapred.job.reuse.jvm.num.tasks</name>
    <value>1</value>
  </property>
  <property>
    <name>mapred.map.tasks.speculative.execution</name>
    <value>false</value>
  </property>
  <property>
    <name>mapred.reduce.tasks.speculative.execution</name>
    <value>false</value>
  </property>
  <property>
    <name>mapred.reduce.slowstart.completed.maps</name>
    <value>0.8</value>
  </property>
  <property>
    <name>mapreduce.jobtracker.kerberos.principal</name>
    <value>mapred/_HOST@DS.DTVENG.NET</value>
  </property>
</configuration>
