<workflow-app name="Recommendations_Workflow" xmlns="uri:oozie:workflow:0.4">
	<global>
		<job-tracker>${jobTracker}</job-tracker>
		<name-node>${nameNode}</name-node>
		<job-xml>hbase-site.xml</job-xml>
	</global>
	<credentials>
		<credential name='hive_credentials' type='hcat'>
			<property>
				<name>hcat.metastore.uri</name>
				<value>${hcatmetastoreuri}</value>
			</property>
			<property>
				<name>hcat.metastore.principal</name>
				<value>${hcatmetastoreprincipal}</value>
			</property>
		</credential>
		<credential name='hbase_credentials' type='hbase'>
		</credential>
	</credentials>

	<start to="GuideDataIngestion" />


<!-- start with GuideData Ingestion Subworkflow- Merge event,schedule,program,channel with processed previous batch -->


	<action name="GuideDataIngestion" cred="hbase_credentials,hive_credentials">
		<sub-workflow>
			<app-path>${GuideDataIngestion}
			</app-path>
			<propagate-configuration />
		</sub-workflow>
		<ok to="AccountIngestionandchannelobjmapping" />
		<error to="AccountIngestionandchannelobjmapping" />
	</action>
<fork name="AccountIngestionandchannelobjmapping">
        <path start="AccountIngestion" />
        <path start="channelObjectMapping" />
    </fork>

<!-- Account Ingestion -->
	<action name="AccountIngestion" cred="hbase_credentials,hive_credentials">
		<pig>
			<script>account-ingestion/accountIngestion.py</script>
			<argument>dummyarg</argument>
			<argument>${batchnumber}</argument>
			<file>account-ingestion#account-ingestion</file>
			<file>common_properties.py#common_properties.py</file>
			<file>ingestionUtils#ingestionUtils</file>
			<file>hbase-site.xml#hbase-site.xml</file>
			<file>${keytab}#${keytab}</file>
		</pig>
		<ok to="joiningchannelobjectaccount" />
		<error to="joiningchannelobjectaccount" />
	</action>
<!-- channelObjectMapping -->	
	<action name="channelObjectMapping" cred="hbase_credentials">
                <pig>
                <job-tracker>${jobTracker}</job-tracker>
                <name-node>${nameNode}</name-node>
                <job-xml>hbase-site.xml</job-xml>
                        <script>channelObjectMapping-job/channelObjectMapping.py</script>
                        <argument>dummyarg</argument>
                        <argument>${batchnumber}</argument>
                        <file>channelObjectMapping-job#channelObjectMapping-job</file>
                        <file>common_properties.py#common_properties.py</file>
                        <file>ingestionUtils#ingestionUtils</file>
                        <file>hbase-site.xml#hbase-site.xml</file>
                </pig>
                <ok to="joiningchannelobjectaccount" />
                <error to="joiningchannelobjectaccount" />
       </action>
	<join name="joiningchannelobjectaccount" to="UserActivityIngestion"/>	

<!-- Data Ingestion SubWorkflow with 1.)each individual jobs(ppv,ams,cdn,social,streaming,remote) 2.)RespectiveDataSubmission Oozie jobs 3.)MergeUVH -->

	<action name="UserActivityIngestion" cred="hbase_credentials,hive_credentials">
		<sub-workflow>
			<app-path>${DataIngestion}
			</app-path>
			<propagate-configuration />
		</sub-workflow>
		<ok to="IngestionDecision" />
		<error to="end" />
	</action>

	
<!-- Continue if any of the ingestion jobs pass or go to end node -->


<decision name="IngestionDecision">
        <switch>
            <case to="newData">
              ${ fs:exists(concat(processedams,batchnumber)) 
			  || fs:exists(concat(processedcdn,batchnumber)) 
			  || fs:exists(concat(processedppv,batchnumber)) 
			  || fs:exists(concat(processedsocial,batchnumber)) 
			  || fs:exists(concat(processedstreaming,batchnumber)) 
			  || fs:exists(concat(processedremote,batchnumber)) }
            </case>
            <default to="end"/>
        </switch>
    </decision>	
	
<!-- new prepareData joining guide data with UVH data to produce new prepared data -->

	<action name="newData" cred="hbase_credentials,hive_credentials">
		<pig>
			<script>prepareData/prepareData.py</script>
			<argument>dummyarg</argument>
			<argument>${batchnumber}</argument>
			<file>prepareData#prepareData</file>
			<file>common_properties.py#common_properties.py</file>
			<file>ingestionUtils#ingestionUtils</file>
			<file>hbase-site.xml#hbase-site.xml</file>
			<file>${keytab}#${keytab}</file>
		</pig>
		<ok to="topActiveUser" />
		<error to="kill" />
	</action>
	
	<action name="topActiveUser" cred="hive_credentials,hbase_credentials">
                <shell xmlns="uri:oozie:shell-action:0.1"> 
						<job-tracker>${jobTracker}</job-tracker>
						<name-node>${nameNode}</name-node>
						<job-xml>hive-site.xml</job-xml>
						<configuration>
						<property>
			        	<name>oozie.hive.defaults</name>
			             <value>hive-site.xml</value>
						</property>
						</configuration>
                        <exec>run.sh</exec>   
						<file>hive-top-active-user#hive-top-active-user</file>						
						<file>hbase-site.xml#hbase-site.xml</file>
						<file>hive-site.xml#hive-site.xml</file>
						<file>hive-top-active-user/encrypted_md5.py#encrypted_md5.py</file>
                        <file>hive-top-active-user/run.sh#run.sh</file>
						<file>${keytab}#${keytab}</file>
                </shell>
                <ok to="generateRawData" />
                <error to="generateRawData" />
	</action>

<!--Add current batch's new data to raw prepared Data -->

	<action name="generateRawData" cred="hive_credentials,hbase_credentials">
		<pig>
			<job-xml>hive-site.xml</job-xml>
			<configuration>
				<property>
					<name>oozie.hive.defaults</name>
					<value>hive-site.xml</value>
				</property>
			</configuration>
			<script>generateRawData/generateRawData.py</script>
			<argument>dummyarg</argument>
			<argument>${batchnumber}</argument>
			<file>generateRawData#generateRawData</file>
			<file>common_properties.py#common_properties.py</file>
			<file>ingestionUtils#ingestionUtils</file>
			<file>hbase-site.xml#hbase-site.xml</file>
			<file>hive-site.xml#hive-site.xml</file>
			<file>${keytab}#${keytab}</file>
		</pig>
		<ok to="generateFilteredData" />
		<error to="kill" />
	</action>

<!--GenerateFiltered Data from raw data for last 90 and 7 days[single-step] -->

	<action name="generateFilteredData" cred="hive_credentials,hbase_credentials">
		<pig>
			<job-xml>hive-site.xml</job-xml>
			<configuration>
				<property>
					<name>oozie.hive.defaults</name>
					<value>hive-site.xml</value>
				</property>
			</configuration>
			<script>generateFilteredData/generateFilteredData.py</script>
			<argument>dummyarg</argument>
			<argument>${batchnumber}</argument>
			<file>generateFilteredData#generateFilteredData</file>
			<file>common_properties.py#common_properties.py</file>
			<file>ingestionUtils#ingestionUtils</file>
			<file>hbase-site.xml#hbase-site.xml</file>
			<file>hive-site.xml#hive-site.xml</file>
			<file>${keytab}#${keytab}</file>
		</pig>
		<ok to="DataAnalytics" />
		<error to="kill" />
	</action>
	
	<action name="DataAnalytics" cred="hbase_credentials,hive_credentials">
		<sub-workflow>
			<app-path>${DataAnalytics}
			</app-path>
			<propagate-configuration />
		</sub-workflow>
		<ok to="cleanUpJob" />
		<error to="kill" />
	</action>
    
    <action name="cleanUpJob" cred="hive_credentials,hbase_credentials">
		<pig>
			<job-xml>hive-site.xml</job-xml>
			<configuration>
				<property>
					<name>oozie.hive.defaults</name>
					<value>hive-site.xml</value>
				</property>
			</configuration>
			<script>cleanup-job/cleanUpJob.py</script>
			<file>cleanup-job#cleanup-job</file>
			<file>ingestionUtils#ingestionUtils</file>
			<file>common_properties.py#common_properties.py</file>
			<file>hbase-site.xml#hbase-site.xml</file>
			<file>hive-site.xml#hive-site.xml</file>
			<file>${keytab}#${keytab}</file>
		</pig>
		<ok to="end" />
		<error to="end" />
	</action>
    
	<kill name="kill">
		<message>Action failed, errormessage[${wf:errorMessage(wf:lastErrorNode())}]</message>
	</kill>
	<end name="end"/>
</workflow-app>
