<workflow-app name="Recommendation_Posting_implicitRemoteSubmission" xmlns="uri:oozie:workflow:0.4">

    <global>
      <job-xml>hbase-site.xml</job-xml>
    </global>
    <credentials>
		<credential name="hive_credentials" type="hcat">
			<property>
				<name>hcat.metastore.uri</name>
				<value>${hcatmetastoreuri}</value>
			</property>
			<property>
				<name>hcat.metastore.principal</name>
				<value>${hcatmetastoreprincipal}</value>
			</property>
		</credential>
		<credential name='hbase_credentials' type='hbase'>
		</credential>
	</credentials>
    <start to="submission"/>
    <action name="submission" cred="hive_credentials,hbase_credentials">
        <shell xmlns="uri:oozie:shell-action:0.1">
            	<job-tracker>${jobTracker}</job-tracker>
            	<name-node>${nameNode}</name-node>
		<job-xml>hive-site.xml</job-xml>
		<configuration>
             		<property>
                    		<name>oozie.hive.defaults</name>
                    		<value>hive-site.xml</value>
                	</property>
           	</configuration>
        	<exec>run.sh</exec>
			<argument>${batchname}</argument>
            	<file>hive-site.xml#hive-site.xml</file>
	    	<file>implicitSubmission_REMOTE#implicitSubmission_REMOTE</file>
	    	<file>commonSubmission#commonSubmission</file>
	    	<file>implicitSubmission_REMOTE/run.sh#run.sh</file>	 
			<file>${keytab}#${keytab}</file>
			<file>hbase-site.xml#hbase-site.xml</file>
        </shell>
        <ok to="end"/>
        <error to="kill"/>
    </action>

    <kill name="kill">
        <message>Action failed, error message[${wf:errorMessage(wf:lastErrorNode())}]</message>
    </kill>
    <end name="end"/>
</workflow-app>


