"RegionId";"MainCategory";"ProgramTitle";"Tmsid";"Percentage"
"249";"Movies";"TMS2";"MV000282830000";2.82
"249";"Movies";"TMS4";"MV000614180000";1.467
"249";"Movies";"TMS1";"MV001034520000";1.37
"249";"Movies";"TMS3";"MV004121440000";1.026
"249";"TV";"TMS6";"TV000282830000";3
"249";"TV";"TMS5";"TV001034520000";1.74


"RegionId";"MainCategory";"ProgramTitle";"Tmsid";"Percentage"
"249";"Movies";"TMS2";"MV000282830000";2.82
"249";"Movies";"TMS4";"MV000614180000";1.467
"249";"Movies";"TMS1";"MV001034520000";1.37
"249";"Movies";"TMS3";"MV004121440000";1.026
"249";"TV";"TMS6";"TV000282830000";3
"249";"TV";"TMS5";"TV001034520000";1.74

