25665447-20140802204130-MV003551780000;25665447;MV003551780000;;4;MOVIE;;20140802204130;20140802211029;;;10;201408152305;;;;;Watch;1;0;;;Movies;Fantasy;Action/Adventure;;Immortals;MV003551780000_752184;TV14;2011;;110;Linear;Henry Cavill;Stephen Dorff;Isabel Lucas;Freida Pinto;Luke Evans;Tarsem Singh;;;;;;;46202;;527;;;;;;;;;;;;;;;;;;
32024197-20140731085522-MV001099680000;32024197;MV001099680000;;4;MOVIE;;20140731085522;20140731085522;;;20;201408152305;;;;;Watch;1;0;;;Movies;Comedy;;;Legally Blonde;B000551131M3;PG-13;;;100;NonLinear;Alanna Ubach;Ali Larter;Allyce Beasley;Bruce Thomas;Cici Lau;Robert Luketic;;;;;;;;;527;;;;;;;;;;;;;;;;;;
18309053-20140731091159-MV001099680000;18309053;MV001099680000;;4;MOVIE;;20140731091159;20140731091159;;;30;201408152305;;;;;Watch;1;0;;;Movies;Comedy;;;Legally Blonde;B000551131M3;PG-13;;;100;NonLinear;Alanna Ubach;Ali Larter;Allyce Beasley;Bruce Thomas;Cici Lau;Robert Luketic;;;;;;;;;527;;;;;;;;;;;;;;;;;;
18309053-20140731085319-MV000722850000;18309053;MV000722850000;;4;MOVIE;;20140731085319;20140731085319;;;10;201408152305;;;;;Watch;1;0;;;Movies;;;;Arlington Road;MV000722850000_767042;R;1999;;100;Linear;Jeff Bridges;Tim Robbins;Joan Cusack;Hope Davis;Robert Gossett;Mark Pellington;;;;;;;;;527;;;;;;;;;;;;;;;;;;
20451609-20140801171624-MV004214190000;20451609;MV004214190000;;4;MOVIE;;20140801171624;20140801182116;;;20;201408152305;;;;;Watch;1;0;;;Movies;Suspense;Sci-Fi/Horror;Horror;Vampire;B000385237M3;R;;;100;NonLinear;Adelaide Clemens;Amanda Plummer;Ian Brown;Jodi Balfour;Keisha Castle-Hughes;Shunji Iwai;;;;;;;;;527;;;;;;;;;;;;;;;;;;
18506294-20140731084240-MV000722850000;18506294;MV000722850000;;4;MOVIE;;20140731084240;20140731084240;;;30;201408152305;;;;;Watch;1;0;;;Movies;;;;Arlington Road;MV000722850000_767042;R;1999;;100;Linear;Jeff Bridges;Tim Robbins;Joan Cusack;Hope Davis;Robert Gossett;Mark Pellington;;;;;;;22980;;527;;;;;;;;;;;;;;;;;;
25665447-20140802204130-MV003551780000;25665447;MV003551780000;;4;MOVIE;;20140802204130;20140802211029;;;10;201408152305;;;;;Watch;1;0;;;Movies;Fantasy;Action/Adventure;;Immortals;MV003551780000_752184;TV14;2011;;110;Linear;Henry Cavill;Stephen Dorff;Isabel Lucas;Freida Pinto;Luke Evans;Tarsem Singh;;;;;;;46202;;527;;;;;;;;;;;;;;;;;;
32024197-20140731085522-MV001099680000;32024197;MV001099680000;;4;MOVIE;;20140731085522;20140731085522;;;20;201408152305;;;;;Watch;1;0;;;Movies;Comedy;;;Legally Blonde;B000551131M3;PG-13;;;100;NonLinear;Alanna Ubach;Ali Larter;Allyce Beasley;Bruce Thomas;Cici Lau;Robert Luketic;;;;;;;;;527;;;;;;;;;;;;;;;;;;
18309053-20140731091159-MV001099680000;18309053;MV001099680000;;4;MOVIE;;20140731091159;20140731091159;;;30;201408152305;;;;;Watch;1;0;;;Movies;Comedy;;;Legally Blonde;B000551131M3;PG-13;;;100;NonLinear;Alanna Ubach;Ali Larter;Allyce Beasley;Bruce Thomas;Cici Lau;Robert Luketic;;;;;;;;;527;;;;;;;;;;;;;;;;;;
18309053-20140731085319-MV000722850000;18309053;MV000722850000;;4;MOVIE;;20140731085319;20140731085319;;;10;201408152305;;;;;Watch;1;0;;;Movies;;;;Arlington Road;MV000722850000_767042;R;1999;;100;Linear;Jeff Bridges;Tim Robbins;Joan Cusack;Hope Davis;Robert Gossett;Mark Pellington;;;;;;;;;527;;;;;;;;;;;;;;;;;;
20451609-20140801171624-MV004214190000;20451609;MV004214190000;;4;MOVIE;;20140801171624;20140801182116;;;20;201408152305;;;;;Watch;1;0;;;Movies;Suspense;Sci-Fi/Horror;Horror;Vampire;B000385237M3;R;;;100;NonLinear;Adelaide Clemens;Amanda Plummer;Ian Brown;Jodi Balfour;Keisha Castle-Hughes;Shunji Iwai;;;;;;;;;527;;;;;;;;;;;;;;;;;;
18506294-20140731084240-MV000722850000;18506294;MV000722850000;;4;MOVIE;;20140731084240;20140731084240;;;30;201408152305;;;;;Watch;1;0;;;Movies;;;;Arlington Road;MV000722850000_767042;R;1999;;100;Linear;Jeff Bridges;Tim Robbins;Joan Cusack;Hope Davis;Robert Gossett;Mark Pellington;;;;;;;22980;;527;;;;;;;;;;;;;;;;;;
25665447-20140802204130-MV003551780000;25665447;MV003551780000;;4;MOVIE;;20140802204130;20140802211029;;;10;201408152305;;;;;Watch;1;0;;;Movies;Fantasy;Action/Adventure;;Immortals;MV003551780000_752184;TV14;2011;;110;Linear;Henry Cavill;Stephen Dorff;Isabel Lucas;Freida Pinto;Luke Evans;Tarsem Singh;;;;;;;46202;;527;;;;;;;;;;;;;;;;;;
32024197-20140731085522-MV001099680000;32024197;MV001099680000;;4;MOVIE;;20140731085522;20140731085522;;;20;201408152305;;;;;Watch;1;0;;;Movies;Comedy;;;Legally Blonde;B000551131M3;PG-13;;;100;NonLinear;Alanna Ubach;Ali Larter;Allyce Beasley;Bruce Thomas;Cici Lau;Robert Luketic;;;;;;;;;527;;;;;;;;;;;;;;;;;;
18309053-20140731091159-MV001099680000;18309053;MV001099680000;;4;MOVIE;;20140731091159;20140731091159;;;30;201408152305;;;;;Watch;1;0;;;Movies;Comedy;;;Legally Blonde;B000551131M3;PG-13;;;100;NonLinear;Alanna Ubach;Ali Larter;Allyce Beasley;Bruce Thomas;Cici Lau;Robert Luketic;;;;;;;;;527;;;;;;;;;;;;;;;;;;
18309053-20140731085319-MV000722850000;18309053;MV000722850000;;4;MOVIE;;20140731085319;20140731085319;;;10;201408152305;;;;;Watch;1;0;;;Movies;;;;Arlington Road;MV000722850000_767042;R;1999;;100;Linear;Jeff Bridges;Tim Robbins;Joan Cusack;Hope Davis;Robert Gossett;Mark Pellington;;;;;;;;;527;;;;;;;;;;;;;;;;;;
20451609-20140801171624-MV004214190000;20451609;MV004214190000;;4;MOVIE;;20140801171624;20140801182116;;;20;201408152305;;;;;Watch;1;0;;;Movies;Suspense;Sci-Fi/Horror;Horror;Vampire;B000385237M3;R;;;100;NonLinear;Adelaide Clemens;Amanda Plummer;Ian Brown;Jodi Balfour;Keisha Castle-Hughes;Shunji Iwai;;;;;;;;;527;;;;;;;;;;;;;;;;;;
18506294-20140731084240-MV000722850000;18506294;MV000722850000;;4;MOVIE;;20140731084240;20140731084240;;;30;201408152305;;;;;Watch;1;0;;;Movies;;;;Arlington Road;MV000722850000_767042;R;1999;;100;Linear;Jeff Bridges;Tim Robbins;Joan Cusack;Hope Davis;Robert Gossett;Mark Pellington;;;;;;;22980;;527;;;;;;;;;;;;;;;;;;
25665447-20140802204130-MV003551780000;25665447;MV003551780000;;4;MOVIE;;20140802204130;20140802211029;;;10;201408152305;;;;;Purchase;0.3;1;;;Movies;Fantasy;Action/Adventure;;Immortals;MV003551780000_752184;TV14;2011;;100;Linear;Henry Cavill;Stephen Dorff;Isabel Lucas;Freida Pinto;Luke Evans;Tarsem Singh;;;;;;;46202;;631;;;;;;;;;;;;;;;;;;
32024197-20140731085522-MV001099680000;32024197;MV001099680000;;4;MOVIE;;20140731085522;20140731085522;;;;201408152305;;;;;Purchase;0.3;1;;;Movies;Comedy;;;Legally Blonde;B000551131M3;PG-13;;;100;NonLinear;Alanna Ubach;Ali Larter;Allyce Beasley;Bruce Thomas;Cici Lau;Robert Luketic;;;;;;;;;631;;;;;;;;;;;;;;;;;;
18309053-20140731091159-MV001099680000;18309053;MV001099680000;;4;MOVIE;;20140731091159;20140731091159;;;;201408152305;;;;;Purchase;0.3;1;;;Movies;Comedy;;;Legally Blonde;B000551131M3;PG-13;;;100;NonLinear;Alanna Ubach;Ali Larter;Allyce Beasley;Bruce Thomas;Cici Lau;Robert Luketic;;;;;;;;;631;;;;;;;;;;;;;;;;;;
18309053-20140731085319-MV000722850000;18309053;MV000722850000;;4;MOVIE;;20140731085319;20140731085319;;;;201408152305;;;;;Purchase;0.3;1;;;Movies;;;;Arlington Road;MV000722850000_767042;R;1999;;100;Linear;Jeff Bridges;Tim Robbins;Joan Cusack;Hope Davis;Robert Gossett;Mark Pellington;;;;;;;;;631;;;;;;;;;;;;;;;;;;
20451609-20140801171624-MV004214190000;20451609;MV004214190000;;4;MOVIE;;20140801171624;20140801182116;;;;201408152305;;;;;Purchase;0.3;1;;;Movies;Suspense;Sci-Fi/Horror;Horror;Vampire;B000385237M3;R;;;100;NonLinear;Adelaide Clemens;Amanda Plummer;Ian Brown;Jodi Balfour;Keisha Castle-Hughes;Shunji Iwai;;;;;;;;;631;;;;;;;;;;;;;;;;;;
18506294-20140731084240-MV000722850000;18506294;MV000722850000;;4;MOVIE;;20140731084240;20140731084240;;;;201408152305;;;;;Purchase;0.3;1;;;Movies;;;;Arlington Road;MV000722850000_767042;R;1999;;100;Linear;Jeff Bridges;Tim Robbins;Joan Cusack;Hope Davis;Robert Gossett;Mark Pellington;;;;;;;22980;;631;;;;;;;;;;;;;;;;;;
25665447-20140802204130-MV003551780000;25665447;MV003551780000;;4;MOVIE;;20140802204130;20140802211029;;;;201408152305;;;;;Purchase;0.3;1;;;Movies;Fantasy;Action/Adventure;;Immortals;MV003551780000_752184;TV14;2011;;100;Linear;Henry Cavill;Stephen Dorff;Isabel Lucas;Freida Pinto;Luke Evans;Tarsem Singh;;;;;;;46202;;631;;;;;;;;;;;;;;;;;;
32024197-20140731085522-MV001099680000;32024197;MV001099680000;;4;MOVIE;;20140731085522;20140731085522;;;;201408152305;;;;;Purchase;0.3;1;;;Movies;Comedy;;;Legally Blonde;B000551131M3;PG-13;;;100;NonLinear;Alanna Ubach;Ali Larter;Allyce Beasley;Bruce Thomas;Cici Lau;Robert Luketic;;;;;;;;;631;;;;;;;;;;;;;;;;;;
18309053-20140731091159-MV001099680000;18309053;MV001099680000;;4;MOVIE;;20140731091159;20140731091159;;;;201408152305;;;;;Purchase;0.3;1;;;Movies;Comedy;;;Legally Blonde;B000551131M3;PG-13;;;100;NonLinear;Alanna Ubach;Ali Larter;Allyce Beasley;Bruce Thomas;Cici Lau;Robert Luketic;;;;;;;;;631;;;;;;;;;;;;;;;;;;
18309053-20140731085319-MV000722850000;18309053;MV000722850000;;4;MOVIE;;20140731085319;20140731085319;;;;201408152305;;;;;Purchase;0.3;1;;;Movies;;;;Arlington Road;MV000722850000_767042;R;1999;;100;Linear;Jeff Bridges;Tim Robbins;Joan Cusack;Hope Davis;Robert Gossett;Mark Pellington;;;;;;;;;631;;;;;;;;;;;;;;;;;;
20451609-20140801171624-MV004214190000;20451609;MV004214190000;;4;MOVIE;;20140801171624;20140801182116;;;;201408152305;;;;;Purchase;0.3;1;;;Movies;Suspense;Sci-Fi/Horror;Horror;Vampire;B000385237M3;R;;;100;NonLinear;Adelaide Clemens;Amanda Plummer;Ian Brown;Jodi Balfour;Keisha Castle-Hughes;Shun Iwai;;;;;;;;;631;;;;;;;;;;;;;;;;;;
18506294-20140731084240-MV000722850000;18506294;MV000722850000;;4;MOVIE;;20140731084240;20140731084240;;;;201408152305;;;;;Purchase;0.3;1;;;Movies;;;;Arlington Road;MV000722850000_767042;R;1999;;100;Linear;Jeff Bridges;Tim Robbins;Joan Cusack;Hope Davis;Robert Gossett;Mark Pellington;;;;;;;22980;;631;;;;;;;;;;;;;;;;;;
25665447-20140802204130-MV003551780000;25665447;MV003551780000;;4;MOVIE;;20140802204130;20140802211029;;;;201408152305;;;;;Purchase;0.3;1;;;Movies;Fantasy;Action/Adventure;;Immortals;MV003551780000_752184;TV14;2011;;100;Linear;Henry Cavill;Stephen Dorff;Isabel Lucas;Freida Pinto;Luke Evans;Tarsem Singh;;;;;;;46202;;631;;;;;;;;;;;;;;;;;;
32024197-20140731085522-MV001099680000;32024197;MV001099680000;;4;MOVIE;;20140731085522;20140731085522;;;;201408152305;;;;;Purchase;0.3;1;;;Movies;Comedy;;;Legally Blonde;B000551131M3;PG-13;;;100;NonLinear;Alanna Ubach;Ali Larter;Allyce Beasley;Bruce Thomas;Cici Lau;Robert Luketic;;;;;;;;;631;;;;;;;;;;;;;;;;;;
18309053-20140731091159-MV001099680000;18309053;MV001099680000;;4;MOVIE;;20140731091159;20140731091159;;;;201408152305;;;;;Purchase;0.3;1;;;Movies;Comedy;;;Legally Blonde;B000551131M3;PG-13;;;100;NonLinear;Alanna Ubach;Ali Larter;Allyce Beasley;Bruce Thomas;Cici Lau;Robert Luketic;;;;;;;;;631;;;;;;;;;;;;;;;;;;
18309053-20140731085319-MV000722850000;18309053;MV000722850000;;4;MOVIE;;20140731085319;20140731085319;;;;201408152305;;;;;Purchase;0.3;1;;;Movies;;;;Arlington Road;MV000722850000_767042;R;1999;;100;Linear;Jeff Bridges;Tim Robbins;Joan Cusack;Hope Davis;Robert Gossett;Mark Pellington;;;;;;;;;631;;;;;;;;;;;;;;;;;;
20451609-20140801171624-MV004214190000;20451609;MV004214190000;;4;MOVIE;;20140801171624;20140801182116;;;;201408152305;;;;;Purchase;0.3;1;;;Movies;Suspense;Sci-Fi/Horror;Horror;Vampire;B000385237M3;R;;;100;NonLinear;Adelaide Clemens;Amanda Plummer;Ian Brown;Jodi Balfour;Keisha Castle-Hughes;Shunji Iwai;;;;;;;;;631;;;;;;;;;;;;;;;;;;
18506294-20140731084240-MV000722850000;18506294;MV000722850000;;4;MOVIE;;20140731084240;20140731084240;;;;201408152305;;;;;Purchase;0.3;1;;;Movies;;;;Arlington Road;MV000722850000_767042;R;1999;;100;Linear;Jeff Bridges;Tim Robbins;Joan Cusack;Hope Davis;Robert Gossett;Mark Pellington;;;;;;;22980;;631;;;;;;;;;;;;;;;;;;
25665447-20140802204130-MV003551780000;25665447;MV003551780000;;4;MOVIE;;20140802204130;20140802211029;;;10;201408152305;;;;;Watch;1;0;;;TV;Fantasy;Action/Adventure;;Immortals;MV003551780000_752184;TV14;2011;;110;Linear;Henry Cavill;Stephen Dorff;Isabel Lucas;Freida Pinto;Luke Evans;Tarsem Singh;;;;;;;46202;;527;;;;;;;;;;;;;;;;;;
32024197-20140731085522-MV001099680000;32024197;MV001099680000;;4;MOVIE;;20140731085522;20140731085522;;;20;201408152305;;;;;Watch;1;0;;;TV;Comedy;;;Legally Blonde;B000551131M3;PG-13;;;100;NonLinear;Alanna Ubach;Ali Larter;Allyce Beasley;Bruce Thomas;Cici Lau;Robert Luketic;;;;;;;;;527;;;;;;;;;;;;;;;;;;
18309053-20140731091159-MV001099680000;18309053;MV001099680000;;4;MOVIE;;20140731091159;20140731091159;;;30;201408152305;;;;;Watch;1;0;;;TV;Comedy;;;Legally Blonde;B000551131M3;PG-13;;;100;NonLinear;Alanna Ubach;Ali Larter;Allyce Beasley;Bruce Thomas;Cici Lau;Robert Luketic;;;;;;;;;527;;;;;;;;;;;;;;;;;;
18309053-20140731085319-MV000722850000;18309053;MV000722850000;;4;MOVIE;;20140731085319;20140731085319;;;10;201408152305;;;;;Watch;1;0;;;TV;;;;Arlington Road;MV000722850000_767042;R;1999;;100;Linear;Jeff Bridges;Tim Robbins;Joan Cusack;Hope Davis;Robert Gossett;Mark Pellington;;;;;;;;;527;;;;;;;;;;;;;;;;;;
20451609-20140801171624-MV004214190000;20451609;MV004214190000;;4;MOVIE;;20140801171624;20140801182116;;;20;201408152305;;;;;Watch;1;0;;;TV;Suspense;Sci-Fi/Horror;Horror;Vampire;B000385237M3;R;;;100;NonLinear;Adelaide Clemens;Amanda Plummer;Ian Brown;Jodi Balfour;Keisha Castle-Hughes;Shunji Iwai;;;;;;;;;527;;;;;;;;;;;;;;;;;;
18506294-20140731084240-MV000722850000;18506294;MV000722850000;;4;MOVIE;;20140731084240;20140731084240;;;30;201408152305;;;;;Watch;1;0;;;TV;;;;Arlington Road;MV000722850000_767042;R;1999;;100;Linear;Jeff Bridges;Tim Robbins;Joan Cusack;Hope Davis;Robert Gossett;Mark Pellington;;;;;;;22980;;527;;;;;;;;;;;;;;;;;;
25665447-20140802204130-MV003551780000;25665447;MV003551780000;;4;MOVIE;;20140802204130;20140802211029;;;10;201408152305;;;;;Watch;1;0;;;TV;Fantasy;Action/Adventure;;Immortals;MV003551780000_752184;TV14;2011;;110;Linear;Henry Cavill;Stephen Dorff;Isabel Lucas;Freida Pinto;Luke Evans;Tarsem Singh;;;;;;;46202;;527;;;;;;;;;;;;;;;;;;
32024197-20140731085522-MV001099680000;32024197;MV001099680000;;4;MOVIE;;20140731085522;20140731085522;;;20;201408152305;;;;;Watch;1;0;;;TV;Comedy;;;Legally Blonde;B000551131M3;PG-13;;;100;NonLinear;Alanna Ubach;Ali Larter;Allyce Beasley;Bruce Thomas;Cici Lau;Robert Luketic;;;;;;;;;527;;;;;;;;;;;;;;;;;;
18309053-20140731091159-MV001099680000;18309053;MV001099680000;;4;MOVIE;;20140731091159;20140731091159;;;30;201408152305;;;;;Watch;1;0;;;TV;Comedy;;;Legally Blonde;B000551131M3;PG-13;;;100;NonLinear;Alanna Ubach;Ali Larter;Allyce Beasley;Bruce Thomas;Cici Lau;Robert Luketic;;;;;;;;;527;;;;;;;;;;;;;;;;;;
18309053-20140731085319-MV000722850000;18309053;MV000722850000;;4;MOVIE;;20140731085319;20140731085319;;;10;201408152305;;;;;Watch;1;0;;;TV;;;;Arlington Road;MV000722850000_767042;R;1999;;100;Linear;Jeff Bridges;Tim Robbins;Joan Cusack;Hope Davis;Robert Gossett;Mark Pellington;;;;;;;;;527;;;;;;;;;;;;;;;;;;
20451609-20140801171624-MV004214190000;20451609;MV004214190000;;4;MOVIE;;20140801171624;20140801182116;;;20;201408152305;;;;;Watch;1;0;;;TV;Suspense;Sci-Fi/Horror;Horror;Vampire;B000385237M3;R;;;100;NonLinear;Adelaide Clemens;Amanda Plummer;Ian Brown;Jodi Balfour;Keisha Castle-Hughes;Shunji Iwai;;;;;;;;;527;;;;;;;;;;;;;;;;;;
18506294-20140731084240-MV000722850000;18506294;MV000722850000;;4;MOVIE;;20140731084240;20140731084240;;;30;201408152305;;;;;Watch;1;0;;;TV;;;;Arlington Road;MV000722850000_767042;R;1999;;100;Linear;Jeff Bridges;Tim Robbins;Joan Cusack;Hope Davis;Robert Gossett;Mark Pellington;;;;;;;22980;;527;;;;;;;;;;;;;;;;;;
25665447-20140802204130-MV003551780000;25665447;MV003551780000;;4;MOVIE;;20140802204130;20140802211029;;;10;201408152305;;;;;Watch;1;0;;;TV;Fantasy;Action/Adventure;;Immortals;MV003551780000_752184;TV14;2011;;110;Linear;Henry Cavill;Stephen Dorff;Isabel Lucas;Freida Pinto;Luke Evans;Tarsem Singh;;;;;;;46202;;527;;;;;;;;;;;;;;;;;;
32024197-20140731085522-MV001099680000;32024197;MV001099680000;;4;MOVIE;;20140731085522;20140731085522;;;20;201408152305;;;;;Watch;1;0;;;TV;Comedy;;;Legally Blonde;B000551131M3;PG-13;;;100;NonLinear;Alanna Ubach;Ali Larter;Allyce Beasley;Bruce Thomas;Cici Lau;Robert Luketic;;;;;;;;;527;;;;;;;;;;;;;;;;;;
18309053-20140731091159-MV001099680000;18309053;MV001099680000;;4;MOVIE;;20140731091159;20140731091159;;;30;201408152305;;;;;Watch;1;0;;;TV;Comedy;;;Legally Blonde;B000551131M3;PG-13;;;100;NonLinear;Alanna Ubach;Ali Larter;Allyce Beasley;Bruce Thomas;Cici Lau;Robert Luketic;;;;;;;;;527;;;;;;;;;;;;;;;;;;
18309053-20140731085319-MV000722850000;18309053;MV000722850000;;4;MOVIE;;20140731085319;20140731085319;;;10;201408152305;;;;;Watch;1;0;;;TV;;;;Arlington Road;MV000722850000_767042;R;1999;;100;Linear;Jeff Bridges;Tim Robbins;Joan Cusack;Hope Davis;Robert Gossett;Mark Pellington;;;;;;;;;527;;;;;;;;;;;;;;;;;;
20451609-20140801171624-MV004214190000;20451609;MV004214190000;;4;MOVIE;;20140801171624;20140801182116;;;20;201408152305;;;;;Watch;1;0;;;TV;Suspense;Sci-Fi/Horror;Horror;Vampire;B000385237M3;R;;;100;NonLinear;Adelaide Clemens;Amanda Plummer;Ian Brown;Jodi Balfour;Keisha Castle-Hughes;Shunji Iwai;;;;;;;;;527;;;;;;;;;;;;;;;;;;
18506294-20140731084240-MV000722850000;18506294;MV000722850000;;4;MOVIE;;20140731084240;20140731084240;;;30;201408152305;;;;;Watch;1;0;;;TV;;;;Arlington Road;MV000722850000_767042;R;1999;;100;Linear;Jeff Bridges;Tim Robbins;Joan Cusack;Hope Davis;Robert Gossett;Mark Pellington;;;;;;;22980;;527;;;;;;;;;;;;;;;;;;
25665447-20140802204130-MV003551780000;25665447;MV003551780000;;4;MOVIE;;20140802204130;20140802211029;;;10;201408152305;;;;;Purchase;0.3;1;;;TV;Fantasy;Action/Adventure;;Immortals;MV003551780000_752184;TV14;2011;;100;Linear;Henry Cavill;Stephen Dorff;Isabel Lucas;Freida Pinto;Luke Evans;Tarsem Singh;;;;;;;46202;;631;;;;;;;;;;;;;;;;;;
32024197-20140731085522-MV001099680000;32024197;MV001099680000;;4;MOVIE;;20140731085522;20140731085522;;;;201408152305;;;;;Purchase;0.3;1;;;TV;Comedy;;;Legally Blonde;B000551131M3;PG-13;;;100;NonLinear;Alanna Ubach;Ali Larter;Allyce Beasley;Bruce Thomas;Cici Lau;Robert Luketic;;;;;;;;;631;;;;;;;;;;;;;;;;;;
18309053-20140731091159-MV001099680000;18309053;MV001099680000;;4;MOVIE;;20140731091159;20140731091159;;;;201408152305;;;;;Purchase;0.3;1;;;TV;Comedy;;;Legally Blonde;B000551131M3;PG-13;;;100;NonLinear;Alanna Ubach;Ali Larter;Allyce Beasley;Bruce Thomas;Cici Lau;Robert Luketic;;;;;;;;;631;;;;;;;;;;;;;;;;;;
18309053-20140731085319-MV000722850000;18309053;MV000722850000;;4;MOVIE;;20140731085319;20140731085319;;;;201408152305;;;;;Purchase;0.3;1;;;TV;;;;Arlington Road;MV000722850000_767042;R;1999;;100;Linear;Jeff Bridges;Tim Robbins;Joan Cusack;Hope Davis;Robert Gossett;Mark Pellington;;;;;;;;;631;;;;;;;;;;;;;;;;;;
20451609-20140801171624-MV004214190000;20451609;MV004214190000;;4;MOVIE;;20140801171624;20140801182116;;;;201408152305;;;;;Purchase;0.3;1;;;TV;Suspense;Sci-Fi/Horror;Horror;Vampire;B000385237M3;R;;;100;NonLinear;Adelaide Clemens;Amanda Plummer;Ian Brown;Jodi Balfour;Keisha Castle-Hughes;Shunji Iwai;;;;;;;;;631;;;;;;;;;;;;;;;;;;
18506294-20140731084240-MV000722850000;18506294;MV000722850000;;4;MOVIE;;20140731084240;20140731084240;;;;201408152305;;;;;Purchase;0.3;1;;;TV;;;;Arlington Road;MV000722850000_767042;R;1999;;100;Linear;Jeff Bridges;Tim Robbins;Joan Cusack;Hope Davis;Robert Gossett;Mark Pellington;;;;;;;22980;;631;;;;;;;;;;;;;;;;;;
25665447-20140802204130-MV003551780000;25665447;MV003551780000;;4;MOVIE;;20140802204130;20140802211029;;;;201408152305;;;;;Purchase;0.3;1;;;TV;Fantasy;Action/Adventure;;Immortals;MV003551780000_752184;TV14;2011;;100;Linear;Henry Cavill;Stephen Dorff;Isabel Lucas;Freida Pinto;Luke Evans;Tarsem Singh;;;;;;;46202;;631;;;;;;;;;;;;;;;;;;
32024197-20140731085522-MV001099680000;32024197;MV001099680000;;4;MOVIE;;20140731085522;20140731085522;;;;201408152305;;;;;Purchase;0.3;1;;;TV;Comedy;;;Legally Blonde;B000551131M3;PG-13;;;100;NonLinear;Alanna Ubach;Ali Larter;Allyce Beasley;Bruce Thomas;Cici Lau;Robert Luketic;;;;;;;;;631;;;;;;;;;;;;;;;;;;
18309053-20140731091159-MV001099680000;18309053;MV001099680000;;4;MOVIE;;20140731091159;20140731091159;;;;201408152305;;;;;Purchase;0.3;1;;;TV;Comedy;;;Legally Blonde;B000551131M3;PG-13;;;100;NonLinear;Alanna Ubach;Ali Larter;Allyce Beasley;Bruce Thomas;Cici Lau;Robert Luketic;;;;;;;;;631;;;;;;;;;;;;;;;;;;
18309053-20140731085319-MV000722850000;18309053;MV000722850000;;4;MOVIE;;20140731085319;20140731085319;;;;201408152305;;;;;Purchase;0.3;1;;;TV;;;;Arlington Road;MV000722850000_767042;R;1999;;100;Linear;Jeff Bridges;Tim Robbins;Joan Cusack;Hope Davis;Robert Gossett;Mark Pellington;;;;;;;;;631;;;;;;;;;;;;;;;;;;
20451609-20140801171624-MV004214190000;20451609;MV004214190000;;4;MOVIE;;20140801171624;20140801182116;;;;201408152305;;;;;Purchase;0.3;1;;;TV;Suspense;Sci-Fi/Horror;Horror;Vampire;B000385237M3;R;;;100;NonLinear;Adelaide Clemens;Amanda Plummer;Ian Brown;Jodi Balfour;Keisha Castle-Hughes;Shun Iwai;;;;;;;;;631;;;;;;;;;;;;;;;;;;
18506294-20140731084240-MV000722850000;18506294;MV000722850000;;4;MOVIE;;20140731084240;20140731084240;;;;201408152305;;;;;Purchase;0.3;1;;;TV;;;;Arlington Road;MV000722850000_767042;R;1999;;100;Linear;Jeff Bridges;Tim Robbins;Joan Cusack;Hope Davis;Robert Gossett;Mark Pellington;;;;;;;22980;;631;;;;;;;;;;;;;;;;;;
25665447-20140802204130-MV003551780000;25665447;MV003551780000;;4;MOVIE;;20140802204130;20140802211029;;;;201408152305;;;;;Purchase;0.3;1;;;TV;Fantasy;Action/Adventure;;Immortals;MV003551780000_752184;TV14;2011;;100;Linear;Henry Cavill;Stephen Dorff;Isabel Lucas;Freida Pinto;Luke Evans;Tarsem Singh;;;;;;;46202;;631;;;;;;;;;;;;;;;;;;
32024197-20140731085522-MV001099680000;32024197;MV001099680000;;4;MOVIE;;20140731085522;20140731085522;;;;201408152305;;;;;Purchase;0.3;1;;;TV;Comedy;;;Legally Blonde;B000551131M3;PG-13;;;100;NonLinear;Alanna Ubach;Ali Larter;Allyce Beasley;Bruce Thomas;Cici Lau;Robert Luketic;;;;;;;;;631;;;;;;;;;;;;;;;;;;
18309053-20140731091159-MV001099680000;18309053;MV001099680000;;4;MOVIE;;20140731091159;20140731091159;;;;201408152305;;;;;Purchase;0.3;1;;;TV;Comedy;;;Legally Blonde;B000551131M3;PG-13;;;100;NonLinear;Alanna Ubach;Ali Larter;Allyce Beasley;Bruce Thomas;Cici Lau;Robert Luketic;;;;;;;;;631;;;;;;;;;;;;;;;;;;
18309053-20140731085319-MV000722850000;18309053;MV000722850000;;4;MOVIE;;20140731085319;20140731085319;;;;201408152305;;;;;Purchase;0.3;1;;;TV;;;;Arlington Road;MV000722850000_767042;R;1999;;100;Linear;Jeff Bridges;Tim Robbins;Joan Cusack;Hope Davis;Robert Gossett;Mark Pellington;;;;;;;;;631;;;;;;;;;;;;;;;;;;
20451609-20140801171624-MV004214190000;20451609;MV004214190000;;4;MOVIE;;20140801171624;20140801182116;;;;201408152305;;;;;Purchase;0.3;1;;;TV;Suspense;Sci-Fi/Horror;Horror;Vampire;B000385237M3;R;;;100;NonLinear;Adelaide Clemens;Amanda Plummer;Ian Brown;Jodi Balfour;Keisha Castle-Hughes;Shunji Iwai;;;;;;;;;631;;;;;;;;;;;;;;;;;;
18506294-20140731084240-MV000722850000;18506294;MV000722850000;;4;MOVIE;;20140731084240;20140731084240;;;;201408152305;;;;;Purchase;0.3;1;;;TV;;;;Arlington Road;MV000722850000_767042;R;1999;;100;Linear;Jeff Bridges;Tim Robbins;Joan Cusack;Hope Davis;Robert Gossett;Mark Pellington;;;;;;;22980;;631;;;;;;;;;;;;;;;;;;