<workflow-app name="Recommendation_cdn_upload" xmlns="uri:oozie:workflow:0.4">

    <global>
      <job-xml>hbase-site.xml</job-xml>
    </global>
    <credentials>
		<credential name="hive_credentials" type="hcat">
			<property>
				<name>hcat.metastore.uri</name>
				<value>${hcatmetastoreuri}</value>
			</property>
			<property>
				<name>hcat.metastore.principal</name>
				<value>${hcatmetastoreprincipal}</value>
			</property>
		</credential>
		<credential name='hbase_credentials' type='hbase'>
		</credential>
	</credentials>
    <start to="cdn-upload"/>
     <action name="cdn-upload"  cred="hbase_credentials">
        <pig>
            <job-tracker>${jobTracker}</job-tracker>
            <name-node>${nameNode}</name-node>
            <job-xml>hbase-site.xml</job-xml>
            <script>cdn-upload/cdn-upload.py</script>
            <argument>dummyarg</argument>
            <argument>${batchname}</argument>	
	    <file>cdn-upload/properties.py#properties.py</file>
		<file>cdn-upload#cdn-upload</file>
 	    <file>cdn-upload/lib#lib</file>
	    <file>hbase-site.xml#hbase-site.xml</file>
		<file>${keytab}#${keytab}</file>
        </pig>
        <ok to="end"/>
        <error to="kill"/>
		</action>

    <kill name="kill">
        <message>Action failed, error message[${wf:errorMessage(wf:lastErrorNode())}]</message>
    </kill>
    <end name="end"/>
</workflow-app>



