<workflow-app name="Recommendation_UserActivityIngestion" xmlns="uri:oozie:workflow:0.4">

	<global>
		<job-tracker>${jobTracker}</job-tracker>
		<name-node>${nameNode}</name-node>
		<job-xml>hbase-site.xml</job-xml>
	</global>
	<credentials>
		<credential name="hive_credentials" type="hcat">
			<property>
				<name>hcat.metastore.uri</name>
				<value>${hcatmetastoreuri}</value>
			</property>
			<property>
				<name>hcat.metastore.principal</name>
				<value>${hcatmetastoreprincipal}</value>
			</property>
		</credential>
		<credential name='hbase_credentials' type='hbase'>
		</credential>
	</credentials>
	<start to="fork-DataIngestion" />
	<fork name="fork-DataIngestion">
	<path start="ppv-ingestion" />
		<path start="remote-ingestion" />   
		<path start="social-ingestion" />
		<path start="streaming-ingestion" />
		<path start="ams-ingestion" />
		<path start="cdn-it-ingestion" /> 
		
	</fork>

	<!--start ppv and purchase submission -->
	<action name="ppv-ingestion" cred="hbase_credentials">
		<pig>
			<script>ppv-ingestion/ppvIngestion.py</script>
			<argument>dummyarg</argument>
			<argument>${batchnumber}</argument>
			<file>ppv-ingestion#ppv-ingestion</file>
			<file>common_properties.py#common_properties.py</file>
			<file>${keytab}#${keytab}</file>
			<file>ingestionUtils#ingestionUtils</file>
			<file>hbase-site.xml#hbase-site.xml</file>
		</pig>	
	<ok to="purchaseSubmission" />
		<error to="join-DataIngestion" />
	</action>
	
	
	<action name="purchaseSubmission" cred="hive_credentials,hbase_credentials">
		<shell xmlns="uri:oozie:shell-action:0.1">
			<job-tracker>${jobTracker}</job-tracker>
			<name-node>${nameNode}</name-node>
			<exec>run.sh</exec>
			<argument>${batchnumber}</argument>
			<argument>${serviceaccount}</argument>
			<argument>${keytab}</argument>
			<argument>${oozie_url}</argument>
			<argument>${nameNode}</argument>
			<argument>${jobTracker}</argument>
			<argument>${oozie_use_system_libpath}</argument>
			<argument>${oozie_purchaseSubmission}</argument>
			<argument>${hcatmetastoreuri}</argument>
			<argument>${hcatmetastoreprincipal}</argument>
			<file>Submission/oozie_purchaseSubmission/run.sh#run.sh</file>
			<file>Submission/oozie_purchaseSubmission/job.properties#job.properties</file>
			<file>${keytab}#${keytab}</file>
		</shell>
		<ok to="join-DataIngestion" />
		<error to="join-DataIngestion" />
	</action>

	<!--start cdn and view submission -->
	<action name="cdn-it-ingestion" cred="hbase_credentials">
		<pig>
			<script>cdn-ingestion-IT/cdnIngestion.py</script>
			<argument>dummyarg</argument>
			<argument>${batchnumber}</argument>
			<file>cdn-ingestion-IT#cdn-ingestion-IT</file>
			<file>common_properties.py#common_properties.py</file>
			<file>ingestionUtils#ingestionUtils</file>
			<file>hbase-site.xml#hbase-site.xml</file>
			<file>${keytab}#${keytab}</file>
		</pig>
			<ok to="cdn-upload" />
			<error to="join-DataIngestion"/>
	</action>
	<action name="cdn-upload">
		<shell xmlns="uri:oozie:shell-action:0.1">
			<job-tracker>${jobTracker}</job-tracker>
			<name-node>${nameNode}</name-node>
			<exec>run.sh</exec>
			<argument>${batchnumber}</argument>
			<argument>${serviceaccount}</argument>
			<argument>${keytab}</argument>
			<argument>${oozie_url}</argument>
			<argument>${nameNode}</argument>
			<argument>${jobTracker}</argument>
			<argument>${oozie_use_system_libpath}</argument>
			<argument>${oozie_cdn_upload}</argument>
			<argument>${hcatmetastoreuri}</argument>
			<argument>${hcatmetastoreprincipal}</argument>
			<file>Submission/oozie_cdn-upload/run.sh#run.sh</file>
			<file>Submission/oozie_cdn-upload/job.properties#job.properties</file>
			<file>${keytab}#${keytab}</file>
		</shell>
		<ok to="join-DataIngestion" />
		<error to="join-DataIngestion" />
	</action>
	
	<action name="remote-ingestion" cred="hbase_credentials">
		<pig>
			<script>remote-ingestion/remoteIngestion.py</script>
			<argument>dummyarg</argument>
			<argument>${batchnumber}</argument>
			<file>remote-ingestion#remote-ingestion</file>
			<file>common_properties.py#common_properties.py</file>
			<file>${keytab}#${keytab}</file>
			<file>ingestionUtils#ingestionUtils</file>
			<file>hbase-site.xml#hbase-site.xml</file>
		</pig>
		<ok to="implicitSubmission_REMOTE" />
		<error to="join-DataIngestion" />
	</action>
	
	<action name="implicitSubmission_REMOTE" cred="hive_credentials,hbase_credentials">
		<shell xmlns="uri:oozie:shell-action:0.1">
			<job-tracker>${jobTracker}</job-tracker>
		<name-node>${nameNode}</name-node>
			<exec>run.sh</exec>
			<argument>${batchnumber}</argument>
			<argument>${serviceaccount}</argument>
			<argument>${keytab}</argument>
		    <argument>${oozie_url}</argument>
			<argument>${nameNode}</argument>
			<argument>${jobTracker}</argument>
			<argument>${oozie_use_system_libpath}</argument>
			<argument>${oozie_implicitSubmission_REMOTE}</argument>
			<argument>${hcatmetastoreuri}</argument>
			<argument>${hcatmetastoreprincipal}</argument>
			<file>Submission/oozie_implicitSubmission_REMOTE/run.sh#run.sh</file>
			<file>Submission/oozie_implicitSubmission_REMOTE/job.properties#job.properties
			</file>
			<file>${keytab}#${keytab}</file>
		</shell>
		<ok to="join-DataIngestion" />
		<error to="join-DataIngestion" />
	</action>

	<!--start social and like submission -->

	<action name="social-ingestion" cred="hbase_credentials">
		<pig>
			<script>social-ingestion/socialIngestion.py</script>
			<argument>dummyarg</argument>
			<argument>${batchnumber}</argument>
			<file>social-ingestion#social-ingestion</file>
			<file>common_properties.py#common_properties.py</file>
			<file>${keytab}#${keytab}</file>
			<file>ingestionUtils#ingestionUtils</file>
			<file>hbase-site.xml#hbase-site.xml</file>
		</pig>
		<ok to="likeSubmission" />
		<error to="join-DataIngestion" />
	</action>
	<action name="likeSubmission" cred="hive_credentials,hbase_credentials">
		<shell xmlns="uri:oozie:shell-action:0.1">
			<job-tracker>${jobTracker}</job-tracker>
			<name-node>${nameNode}</name-node>
			<exec>run.sh</exec>
			<argument>${batchnumber}</argument>
			<argument>${serviceaccount}</argument>
			<argument>${keytab}</argument>
		    <argument>${oozie_url}</argument>
			<argument>${nameNode}</argument>
			<argument>${jobTracker}</argument>
			<argument>${oozie_use_system_libpath}</argument>
			<argument>${oozie_likeSubmission}</argument>
			<argument>${hcatmetastoreuri}</argument>
			<argument>${hcatmetastoreprincipal}</argument>
			<file>Submission/oozie_likeSubmission/run.sh#run.sh</file>
			<file>Submission/oozie_likeSubmission/job.properties#job.properties</file>
			<file>${keytab}#${keytab}</file>
		</shell>
		<ok to="join-DataIngestion" />
		<error to="join-DataIngestion" />
	</action>

	<!--start streaming and streaming submission -->

	<action name="streaming-ingestion" cred="hbase_credentials">
		<pig>
			<script>streaming-ingestion/streamingIngestion.py</script>
			<argument>dummyarg</argument>
			<argument>${batchnumber}</argument>
			<file>streaming-ingestion#streaming-ingestion</file>
			<file>common_properties.py#common_properties.py</file>
			<file>${keytab}#${keytab}</file>
			<file>ingestionUtils#ingestionUtils</file>
			<file>hbase-site.xml#hbase-site.xml</file>
		</pig>
		<ok to="viewSubmission_STREAMING" />
		<error to="join-DataIngestion" />
	</action>

	<action name="viewSubmission_STREAMING" cred="hive_credentials,hbase_credentials">
		<shell xmlns="uri:oozie:shell-action:0.1">
			<job-tracker>${jobTracker}</job-tracker>
		<name-node>${nameNode}</name-node>
			<exec>run.sh</exec>
			<argument>${batchnumber}</argument>
			<argument>${serviceaccount}</argument>
			<argument>${keytab}</argument>
			<argument>${oozie_url}</argument>
			<argument>${nameNode}</argument>
			<argument>${jobTracker}</argument>
			<argument>${oozie_use_system_libpath}</argument>
			<argument>${oozie_viewSubmission_STREAMING}</argument>
			<argument>${hcatmetastoreuri}</argument>
			<argument>${hcatmetastoreprincipal}</argument>
			<file>Submission/oozie_viewSubmission_STREAMING/run.sh#run.sh</file>
			<file>Submission/oozie_viewSubmission_STREAMING/job.properties#job.properties
			</file>
			<file>${keytab}#${keytab}</file>
		</shell>
		<ok to="join-DataIngestion" />
		<error to="join-DataIngestion" />
	</action>

	<!--start ams and implicitSubmission_AMS submission, viewSubmission_AMS 
		submission(sequence) -->

	<action name="ams-ingestion" cred="hbase_credentials,hive_credentials">
		<pig>
			<job-xml>hive-site.xml</job-xml>
		<configuration>
             		<property>
                    		<name>oozie.hive.defaults</name>
                    		<value>hive-site.xml</value>
                	</property>
           	</configuration>
			<script>ams-ingestion/amsIngestion.py</script>
			<argument>dummyarg</argument>
			<argument>${batchnumber}</argument>
			<file>ams-ingestion#ams-ingestion</file>
			<file>common_properties.py#common_properties.py</file>
			<file>${keytab}#${keytab}</file>
			<file>ingestionUtils#ingestionUtils</file>
			<file>hbase-site.xml#hbase-site.xml</file>
			<file>hive-site.xml#hive-site.xml</file>
		</pig>
		<ok to="implicitSubmission_AMS" />
		<error to="join-DataIngestion" />
	</action>

	<action name="implicitSubmission_AMS" cred="hive_credentials,hbase_credentials">
		<shell xmlns="uri:oozie:shell-action:0.1">
			<job-tracker>${jobTracker}</job-tracker>
		<name-node>${nameNode}</name-node>
			<exec>run.sh</exec>
			<argument>${batchnumber}</argument>
			<argument>${serviceaccount}</argument>
			<argument>${keytab}</argument>
			<argument>${oozie_url}</argument>
			<argument>${nameNode}</argument>
			<argument>${jobTracker}</argument>
			<argument>${oozie_use_system_libpath}</argument>
			<argument>${oozie_implicitsubmission_AMS}</argument>
			<argument>${hcatmetastoreuri}</argument>
			<argument>${hcatmetastoreprincipal}</argument>
			<file>Submission/oozie_implicitSubmission_AMS/run.sh#run.sh</file>
			<file>Submission/oozie_implicitSubmission_AMS/job.properties#job.properties
			</file>
			<file>${keytab}#${keytab}</file>
		</shell>
		<ok to="viewSubmission_AMS" />
		<error to="cardidtotokenid" />
	</action>

	<action name="viewSubmission_AMS" cred="hive_credentials,hbase_credentials">
		<shell xmlns="uri:oozie:shell-action:0.1">
			<job-tracker>${jobTracker}</job-tracker>
		<name-node>${nameNode}</name-node>
			<exec>run.sh</exec>
			<argument>${batchnumber}</argument>
			<argument>${serviceaccount}</argument>
			<argument>${keytab}</argument>
			<argument>${oozie_url}</argument>
			<argument>${nameNode}</argument>
			<argument>${jobTracker}</argument>
			<argument>${oozie_use_system_libpath}</argument>
			<argument>${oozie_viewSubmission_AMS}</argument>
			<argument>${hcatmetastoreuri}</argument>
			<argument>${hcatmetastoreprincipal}</argument>
			<file>Submission/oozie_viewSubmission_AMS/run.sh#run.sh</file>
			<file>Submission/oozie_viewSubmission_AMS/job.properties#job.properties</file>
			<file>${keytab}#${keytab}</file>
		</shell>
		<ok to="cardidtotokenid" />
		<error to="cardidtotokenid" />
	</action>
	
	<action name="cardidtotokenid" cred="hbase_credentials">
		<pig>
			<script>cardIdMappingToAccountId/cardIdMappingToAccountId.py</script>
			<argument>dummyarg</argument>
			<argument>${batchnumber}</argument>
			<file>cardIdMappingToAccountId#cardIdMappingToAccountId</file>
			<file>common_properties.py#common_properties.py</file>	
			<file>ingestionUtils#ingestionUtils</file>
			<file>hbase-site.xml#hbase-site.xml</file>
		</pig>
		<ok to="join-DataIngestion" />
		<error to="join-DataIngestion" />
	</action>
	
	<!-- join here -->

	<join name="join-DataIngestion" to="end" />

	<kill name="kill">
		<message>Action failed, error
			message[${wf:errorMessage(wf:lastErrorNode())}]</message>
	</kill>
	<end name="end" />

</workflow-app>
