{"rule":[{"state":"Published","query":{"match":{"type":"OR","statement":[{"filter":{"name":"category","value2":null,"operation":"EQUAL","value1":"movies"},"match":null}]}},"dtv":null,"ottSources":null,"inclusion":[],"exclusion":[],"platform":[{"deviceType":"ios mobile","displayTitle":null}],"typeOfRule":"LAST_WATCH","maxResult":25,"collapseSeries":false,"suppressResult":false,"defaultLabel":"test LA","useEpisodeTitle":false,"manualPosition":[],"userBehavior":{"match":{"type":"AND","statement":[{"filter":{"name":"lastActionDevice","value2":null,"operation":"EQUAL","value1":"web"},"match":null},{"filter":{"name":"ppv","value2":null,"operation":"EQUAL","value1":"true"},"match":null}]}},"whatsHotByRegion":false,"updatedDate":"12/31/2014 07:32:59","sort":[],"ruleName":"LA_watch1"},{"state":"Published","query":{"match":{"type":"AND","statement":[{"filter":{"name":"category","value2":null,"operation":"EQUAL","value1":"sports"},"match":null}]}},"dtv":null,"ottSources":null,"inclusion":[],"exclusion":[],"platform":[],"typeOfRule":"LAST_WATCH","maxResult":25,"collapseSeries":false,"suppressResult":false,"defaultLabel":"hello","useEpisodeTitle":false,"manualPosition":[],"userBehavior":{"match":{"type":"AND","statement":[{"filter":{"name":"lastActionDevice","value2":null,"operation":"EQUAL","value1":"android mobile"},"match":null}]}},"whatsHotByRegion":false,"updatedDate":"11/14/2014 02:03:19","sort":[],"ruleName":"tt_check_switch"},{"state":"Published","query":{"match":{"type":"AND","statement":[{"filter":{"name":"startTime","value2":null,"operation":"EQUAL","value1":"next14days"},"match":null}]}},"dtv":null,"ottSources":null,"inclusion":[],"exclusion":[],"platform":[],"typeOfRule":"LAST_WATCH","maxResult":25,"collapseSeries":false,"suppressResult":false,"defaultLabel":"User Behavior","useEpisodeTitle":false,"manualPosition":[],"userBehavior":{"match":{"type":"AND","statement":[{"filter":{"name":"lastActionDevice","value2":null,"operation":"EQUAL","value1":"stb"},"match":null}]}},"whatsHotByRegion":false,"updatedDate":"01/27/2015 00:00:20","sort":[],"ruleName":"UserBehavior_rule_WatchDevice"},{"state":"Published","query":{"match":{"type":"AND","statement":[{"filter":{"name":"category","value2":null,"operation":"EQUAL","value1":"sports"},"match":null}]}},"dtv":null,"ottSources":null,"inclusion":["TMS0004567","TMS0004568","TMS0004569"],"exclusion":["TMS0457888","TMS0457889"],"platform":[{"deviceType":"IOS_MOBILE","displayTitle":"Movies on iOS sort by air date and star rating"}],"typeOfRule":"GENERIC","maxResult":25,"collapseSeries":false,"suppressResult":false,"defaultLabel":"generic rule for UDS team","useEpisodeTitle":false,"manualPosition":[{"position":0,"tmsId":"TMS0002345"}],"userBehavior":null,"whatsHotByRegion":false,"updatedDate":"2014-06-35T23:22:12.000Z","sort":[{"sortSeq":0,"sortBy":null,"sortField":"originalAirDate"},{"sortSeq":0,"sortBy":null,"sortField":"starRating"}],"ruleName":"Generic_Rule"},{"state":"Published","query":{"match":{"type":"AND","statement":[{"filter":{"name":"category","value2":null,"operation":"EQUAL","value1":"movies"},"match":null},{"filter":{"name":"timeWindow","value2":null,"operation":"EQUAL","value1":"month"},"match":null},{"filter":{"name":"cast","value2":null,"operation":"EQUAL","value1":"director"},"match":null},{"filter":{"name":"dayOfWeek","value2":null,"operation":"EQUAL","value1":"alldays"},"match":null}]}},"dtv":null,"ottSources":null,"inclusion":[],"exclusion":[],"platform":[{"deviceType":"web","displayTitle":"Last Watch on Web"}],"typeOfRule":"CREDIT","maxResult":25,"collapseSeries":false,"suppressResult":false,"defaultLabel":"UI_HomePage_ActorTV","useEpisodeTitle":false,"manualPosition":[],"userBehavior":null,"whatsHotByRegion":false,"updatedDate":"12/06/2014 01:14:14","sort":[],"ruleName":"UI_HomePage_ActorTV1"},{"state":"Published","query":{"match":{"type":"AND","statement":[{"filter":{"name":"category","value2":null,"operation":"EQUAL","value1":"sports"},"match":null},{"filter":{"name":"timeWindow","value2":null,"operation":"EQUAL","value1":"month"},"match":null},{"filter":{"name":"cast","value2":null,"operation":"EQUAL","value1":"actor"},"match":null},{"filter":{"name":"dayOfWeek","value2":null,"operation":"EQUAL","value1":"alldays"},"match":null}]}},"dtv":null,"ottSources":null,"inclusion":[],"exclusion":[],"platform":[{"deviceType":"web","displayTitle":"Last Watch on Web"}],"typeOfRule":"CREDIT","maxResult":25,"collapseSeries":false,"suppressResult":false,"defaultLabel":"UI_HomePage_ActorTV","useEpisodeTitle":false,"manualPosition":[],"userBehavior":null,"whatsHotByRegion":false,"updatedDate":"12/06/2014 01:14:14","sort":[],"ruleName":"UI_HomePage_ActorTV"},{"state":"Published","query":{"match":{"type":"AND","statement":[{"filter":{"name":"category","value2":null,"operation":"EQUAL","value1":"movies"},"match":null},{"filter":{"name":"tmsgenre","value2":null,"operation":"EQUAL","value1":"comedy"},"match":null}]}},"dtv":null,"ottSources":null,"inclusion":[],"exclusion":[],"platform":[],"typeOfRule":"LAST_WATCH","maxResult":25,"collapseSeries":false,"suppressResult":false,"defaultLabel":"BCULW","useEpisodeTitle":false,"manualPosition":[],"userBehavior":{"match":{"type":"AND","statement":[{"filter":{"name":"category","value2":null,"operation":"EQUAL","value1":"movies"},"match":null},{"filter":{"name":"tmsgenre","value2":null,"operation":"EQUAL","value1":"comedy"},"match":null}]}},"whatsHotByRegion":false,"updatedDate":"01/19/2015 10:40:56","sort":[],"ruleName":"TestTMS"}]}