<?xml version="1.0" encoding="UTF-8"?>

<!--Autogenerated by Cloudera CM on 2014-10-09T16:49:05.928Z-->
<configuration>
  <property>
    <name>hive.metastore.local</name>
    <value>false</value>
  </property>
  <property>
    <name>hive.metastore.uris</name>
    <value>thrift://hdpgtwh3-awsw01.ds.dtveng.net:9083</value>
  </property>
  <property>
    <name>hive.metastore.client.socket.timeout</name>
    <value>300</value>
  </property>
  <property>
    <name>hive.metastore.warehouse.dir</name>
    <value>/user/hive/warehouse</value>
  </property>
  <property>
    <name>hive.warehouse.subdir.inherit.perms</name>
    <value>true</value>
  </property>
  <property>
    <name>mapred.reduce.tasks</name>
    <value>-1</value>
  </property>
  <property>
    <name>hive.exec.reducers.bytes.per.reducer</name>
    <value>1073741824</value>
  </property>
  <property>
    <name>hive.exec.reducers.max</name>
    <value>999</value>
  </property>
  <property>
    <name>hive.metastore.execute.setugi</name>
    <value>true</value>
  </property>
  <property>
    <name>hive.support.concurrency</name>
    <value>true</value>
  </property>
  <property>
    <name>hive.zookeeper.quorum</name>
    <value>hdpnn-h3-awsw01.ds.dtveng.net,hdpnn-h3-awsw02.ds.dtveng.net,hdpdn-h3-awsw01.ds.dtveng.net</value>
  </property>
  <property>
    <name>hive.zookeeper.client.port</name>
    <value>2181</value>
  </property>
  <property>
    <name>hive.zookeeper.namespace</name>
    <value>hive_zookeeper_namespace_hive2</value>
  </property>
  <property>
    <name>hive.metastore.sasl.enabled</name>
    <value>true</value>
  </property>
  <property>
    <name>hive.metastore.kerberos.principal</name>
    <value>hive/_HOST@DS.DTVENG.NET</value>
  </property>
  <property>
    <name>hive.server2.authentication.kerberos.principal</name>
    <value>hive/_HOST@DS.DTVENG.NET</value>
  </property>
  <property>
    <name>hive.aux.jars.path
</name>    <value>file:///opt/cloudera/parcels/CDH/lib/hive/lib/hive-hbase-handler-0.10.0-cdh4.6.0.jar,file:///opt/cloudera/parcels/CDH/lib/hbase/hbase-0.94.15-cdh4.6.0-security.jar,file:///opt/cloudera/parcels/CDH/lib/zookeeper/zookeeper-3.4.5-cdh4.6.0.jar,file:///opt/cloudera/parcels/CDH/lib/hive/lib/guava-11.0.2.jar</value>
  </property>
  <property>
    <name>hbase.security.authentication</name>
    <value>kerberos</value>
  </property>
  <property>
    <name>hbase.rpc.engine
</name>    <value>org.apache.hadoop.hbase.ipc.SecureRpcEngine</value>
  </property>
  <property>
    <name>hbase.master.kerberos.principal</name>
    <value>hbase/_HOST@DS.DTVENG.NET</value>
  </property>
  <property>
    <name>hbase.regionserver.kerberos.principal</name>
    <value>hbase/_HOST@DS.DTVENG.NET</value>
  </property>
  <property>
    <name>hbase.zookeeper.quorum</name>
    <value>hdpnn-h4-awsw01.ds.dtveng.net,hdpnn-h4-awsw02.ds.dtveng.net,hdpnn-h4-awsw03.ds.dtveng.net</value>
  </property>
</configuration>
