<workflow-app name="Top-Active-User" xmlns="uri:oozie:workflow:0.4">
	<global>
		<job-xml>hbase-site.xml</job-xml>
	</global>
		<credentials>
			<credential name='hive_credentials' type='hcat'>
				<property>
                                <name>hcat.metastore.uri</name>
                                <value>${hcatmetastoreuri}</value>
                        </property>
                        <property>
                                <name>hcat.metastore.principal</name>
                                <value>${hcatmetastoreprincipal}</value>
                        </property>
			</credential>
			<credential name='hbase_credentials' type='hbase'>
			</credential>
		</credentials>

        <start to="topactive" />

 
<action name="topactive" cred="hive_credentials,hbase_credentials">
                <shell xmlns="uri:oozie:shell-action:0.1">
                        <job-tracker>${jobTracker}</job-tracker>
						<name-node>${nameNode}</name-node>
			<job-xml>hive-site.xml</job-xml>
			<configuration>
				<property>
			        	<name>oozie.hive.defaults</name>
			                <value>hive-site.xml</value>
			        </property>
			</configuration>

                        <exec>run.sh</exec>   
						<file>hive-top-active-user#hive-top-active-user</file>						
			<file>hbase-site.xml#hbase-site.xml</file>
			<file>hive-site.xml#hive-site.xml</file>
                        <file>hive-top-active-user/run.sh#run.sh</file>
                        <file>hive-top-active-user/encrypted_md5.py#encrypted_md5.py</file>
                        <file>hive-top-active-user/conf.properties#conf.properties</file>
                        <file>${keytab}#${keytab}</file>
                </shell>
                <ok to="end" />
                <error to="end" />
</action>
<kill name="kill">
                <message>Action failed, errormessage[${wf:errorMessage(wf:lastErrorNode())}]</message>
</kill>
        <end name="end"/>
</workflow-app>
