<workflow-app name="Bulkload_LastAction_MapReduce" xmlns="uri:oozie:workflow:0.4">

<credentials>
		<credential name='hbase_credentials' type='hbase'>
		</credential>
	</credentials>

	<start to="lastaction"/>
    <action name="lastaction"  cred="hbase_credentials">
        <pig>
            <job-tracker>${jobTracker}</job-tracker>
            <name-node>${nameNode}</name-node>
            <job-xml>hbase-site.xml</job-xml>
            <script>lastaction/production/publish-mapreduce/bulkload-aws.py</script>
	    <argument>dummyarg</argument>
	    <argument>${batchnumber}</argument>
            <file>lastaction#lastaction</file>
	       <file>production_lastaction_properties.py#production_lastaction_properties.py</file>
            <file>common#common</file>
			<file>common_properties.py#common_properties.py</file>
			<file>bulkload#bulkload</file>
	    <file>hbase-site.xml#hbase-site.xml</file>
        </pig>
        <ok to="end"/>
        <error to="kill"/>
    </action>
    
    <kill name="kill">
		<message>Action failed, error
			message[${wf:errorMessage(wf:lastErrorNode())}]</message>
	</kill>
	<end name="end" />
</workflow-app>
