<workflow-app name="Recommendation_DataAnalytics" xmlns="uri:oozie:workflow:0.4">
	<global>
		<job-xml>hbase-site.xml</job-xml>
	</global>
	<credentials>
		<credential name='hive_credentials' type='hcat'>
			<property>
				<name>hcat.metastore.uri</name>
				<value>${hcatmetastoreuri}</value>
			</property>
			<property>
				<name>hcat.metastore.principal</name>
				<value>${hcatmetastoreprincipal}</value>
			</property>
		</credential>
		<credential name='hbase_credentials' type='hbase'>
		</credential>
	</credentials>
	<start to="data-verification" />
	
	<action name="data-verification"  cred="hbase_credentials">
	<pig>
	    <job-tracker>${jobTracker}</job-tracker>
	    <name-node>${nameNode}</name-node>
		<job-xml>hbase-site.xml</job-xml>
	    <script>data-verification/data-verification.py</script>
		<argument>dummyarg</argument>
		<file>data-verification#data-verification</file>
	    <file>data-verification/processArr.py#processArr.py</file>
	    <file>data-verification/properties_name.py#properties_name.py</file>
	    <file>hbase-site.xml#hbase-site.xml</file>
        <file>${keytab}#${keytab}</file>
	</pig>
	<ok to="end"/>
	<error to="kill"/>
	</action>
	
	<kill name="kill">
		<message>Action failed, error
			message[${wf:errorMessage(wf:lastErrorNode())}]</message>
	</kill>
	<end name="end" />
</workflow-app>
