<?xml version="1.0" encoding="UTF-8"?>
<wls:weblogic-web-app xmlns:wls="http://xmlns.oracle.com/weblogic/weblogic-web-app"
	xmlns:xsi="http://www.w3.org/2001/XMLSchema-instance"
	xsi:schemaLocation="http://java.sun.com/xml/ns/javaee http://java.sun.com/xml/ns/javaee/web-app_2_5.xsd http://xmlns.oracle.com/weblogic/weblogic-web-app http://xmlns.oracle.com/weblogic/weblogic-web-app/1.3/weblogic-web-app.xsd">

	<wls:context-root>user-data-services-jaxrs</wls:context-root>

	<wls:container-descriptor>
		<!-- <wls:prefer-web-inf-classes>true</wls:prefer-web-inf-classes> -->
		<wls:prefer-application-packages>
			<wls:package-name>org.apache.*</wls:package-name>
			<wls:package-name>org.aspectj.*</wls:package-name>
			<wls:package-name>org.springframework.*</wls:package-name>
			<wls:package-name>org.slf4j.*</wls:package-name>
			<wls:package-name>com.directv.*</wls:package-name>
			<wls:package-name>com.oracle.common.*</wls:package-name>
			<wls:package-name>com.tangosol.*</wls:package-name>
			<wls:package-name>org.hibernate.*</wls:package-name>
            <wls:package-name>javax.persistence.*</wls:package-name>
		</wls:prefer-application-packages>
		<wls:show-archived-real-path-enabled>true</wls:show-archived-real-path-enabled>
	</wls:container-descriptor>

	<wls:work-manager>
		<wls:name>WorkManager-UP-Application-Sample</wls:name>
		<!-- <wls:max-threads-constraint> -->
		<!-- <wls:name>MaxThreadsConstraint-1</wls:name> -->
		<!-- <wls:count>2</wls:count> -->
		<!-- </wls:max-threads-constraint> -->
	</wls:work-manager>

</wls:weblogic-web-app>